facility_id;district_id;facility_name;province_id;dhis_code;longitude;latitude
ZW000A01;ZW000A;Avondale Clinic;ZW00;LixFsP9YMT9;31.0291;-17.7883
ZW000A02;ZW000A;Arcadia Primary Care Clinic;ZW00;OBXlKhRkRIb;31.0546;-17.8468
ZW000A05;ZW000A;Belvedere FHS;ZW00;UiPBTlrwap5;31.0243;-17.82
ZW000A07;ZW000A;Borrowdale Primary Care Clinic;ZW00;WaYcDd2d9pk;0;0
ZW000A08;ZW000A;Braeside FHS;ZW00;t0hAcwHFHPq;31.0657;-17.8399
ZW000A09;ZW000A;Budiriro Polyclinic;ZW00;GdL5a5OSZ15;30.9354;-17.8912
ZW000A0C;ZW000A;Beatrice Road Infectious Diseases Hospital;ZW00;MjDD6XQksTN;31.0282;-17.8601
ZW000A0D;ZW000A;Wilkins Infectious Diseases Hospital;ZW00;;0;0
ZW000A0E;ZW000A;St Annes Hospital;ZW00;;0;0
ZW000A0F;ZW000A;Avenues Clinic;ZW00;;0;0
ZW000A0G;ZW000A;Mbuya Dorcas Hospital;ZW00;;0;0
ZW000A0H;ZW000A;West End  Hospital;ZW00;;0;0
ZW000A0J;ZW000A;Metropolitan ;ZW00;;0;0
ZW000A0K;ZW000A;Belvedere Matenity Hospital;ZW00;;0;0
ZW000A0L;ZW000A;Suburban Hospital;ZW00;;0;0
ZW000A0M;ZW000A;BS Leon Hospital;ZW00;;0;0
ZW000A0N;ZW000A;Rock Foundation ;ZW00;;0;0
ZW000A0P;ZW000A;Queen of Peace;ZW00;;0;0
ZW000A0Q;ZW000A;Arcadia Medical Centre;ZW00;;0;0
ZW000A0R;ZW000A;Glen Norah Medical Centre;ZW00;;0;0
ZW000A0S;ZW000A;Willowvale Medical Centre;ZW00;;0;0
ZW000A0T;ZW000A;Mabelreign Medical Centre;ZW00;;0;0
ZW000A0V;ZW000A;Baines Avenues Hosp;ZW00;;0;0
ZW000A10;ZW000A;Eastlea FHS;ZW00;ZRcIuk4ds0W;31.0861;-17.8256
ZW000A11;ZW000A;Glen Norah Satellite;ZW00;R9siosZGUNf;30.969;-17.9058
ZW000A13;ZW000A;Glen View Polyclinic;ZW00;mUxVNM06Sk3;30.9508;-17.908
ZW000A14;ZW000A;Glen View Satellite;ZW00;;0;0
ZW000A15;ZW000A;Greendale FHS;ZW00;FU8Z93y9IuS;31.1291;-17.8105
ZW000A17;ZW000A;Hatcliffe Polyclinic;ZW00;F4AJYW3LDd7;31.1075;-17.6974
ZW000A18;ZW000A;Highfield Polyclinic;ZW00;PLxOtSolhG5;30.9945;-17.8846
ZW000A19;ZW000A;Kambuzuma Polyclinic;ZW00;AYEjUHiuvp5;30.9683;-17.8581
ZW000A20;ZW000A;Kuwadzana Polyclinic;ZW00;mee4OawYuZj;30.9285;-17.8323
ZW000A21;ZW000A;Mabelreign Satellite;ZW00;KDRm4HCFdj9;30.9987;-17.7914
ZW000A23;ZW000A;Mabvuku Polyclinic;ZW00;kN7DcESNWZp;31.1971;-17.8357
ZW000A25;ZW000A;Matapi Clinic;ZW00;E7AXNPjenwo;31.0427;-17.8589
ZW000A26;ZW000A;Mbare Hostels Clinic;ZW00;s1BtvNQ1vRc;31.0393;-17.8666
ZW000A27;ZW000A;Mbare Polyclinic;ZW00;G6bGAnRpVN3;31.0355;-17.8597
ZW000A28;ZW000A;Mt Pleasant Primary Care Clinic;ZW00;EWMnY0PYBjL;31.0458;-17.7691
ZW000A29;ZW000A;Mufakose Polyclinic;ZW00;MNpfnKkWMnl;30.9297;-17.8669
ZW000A30;ZW000A;Parirenyatwa Primary Care Clinic;ZW00;hfkMdRTZsja;0;0
ZW000A32;ZW000A;Rugare Clinic;ZW00;;0;0
ZW000A33;ZW000A;Rujeko Polyclinic;ZW00;mOG4It93hxE;0;0
ZW000A34;ZW000A;Rutsanana PolyClinic;ZW00;GLqagpqiJ55;30.9861;-17.9065
ZW000A35;ZW000A;Southerton Primary Care Clinic;ZW00;fbumlk4A6cT;31.0089;-17.8663
ZW000A37;ZW000A;Sunningdale Satellite;ZW00;UQfTSqwDWuU;31.0543;-17.8684
ZW000A38;ZW000A;Tafara FHS;ZW00;UM3CeWRmpig;31.2135;-17.8316
ZW000A39;ZW000A;Warren Park Polyclinic;ZW00;RG4VU0RvA6Q;30.9782;-17.8338
ZW000A41;ZW000A;Waterfalls Primary Care Clinic;ZW00;mwJTr9zLk7k;31.0308;-17.8903
ZW000A42;ZW000A;Western Triangle Primary Care Clinic;ZW00;mSu42uQEjOs;30.9804;-17.8949
ZW000A43;ZW000A;KG Six;ZW00;;0;0
ZW000A44;ZW000A;Hatfield Primary Care Clinic;ZW00;uToHmSh0xud;31.0864;-17.8787
ZW000A45;ZW000A;Malborough Satellite Clinic;ZW00;dhH6KRKUf1c;30.9981;-17.7568
ZW000A46;ZW000A;Highlands Primary Care Clinic;ZW00;VyjlnYDk0Qv;31.0856;-17.8187
ZW000A47;ZW000A;Mabvuku Satelite Clinic;ZW00;ubKnqpQFMbU;0;0
ZW000A48;ZW000A;ZPS Harare Central Hosp;ZW00;;0;0
ZW000A49;ZW000A;Rowland Square Clinic;ZW00;;0;0
ZW000A50;ZW000A;CIMAS Chinhoyi Street;ZW00;;0;0
ZW000A51;ZW000A;Spilhaus - Freshplan;ZW00;;0;0
ZW000A52;ZW000A;Highlands FHS;ZW00;EvB19FciC9r;31.0891;-17.7997
ZW000A53;ZW000A;Hopley Clinic;ZW00;yuE9DIrPeww;30.99;-17.9249
ZW000A54;ZW000A;ZRP Harare Central ;ZW00;;0;0
ZW000A55;ZW000A;ZRP Morris Depot;ZW00;;0;0
ZW000A56;ZW000A;ZRP Chikurubi;ZW00;;0;0
ZW000A57;ZW000A;Caledonia Clinic;ZW00;ONmg4djzSUr;0;0
ZW000A58;ZW000A;ZPS Chikurubi Staff;ZW00;;0;0
ZW000A59;ZW000A;ZPS Chikurubi Maximum;ZW00;;0;0
ZW000A60;ZW000A;ZPS Chikurubi Female;ZW00;;0;0
ZW000A61;ZW000A;ZPS Chikurubi Dependants Clinic;ZW00;;0;0
ZW000A62;ZW000A;ZPS Chikurubi Farm;ZW00;;0;0
ZW000A63;ZW000A;New Start Fourth Street;ZW00;;0;0
ZW000A64;ZW000A;ZNFPC;ZW00;;0;0
ZW000A65;ZW000A;ZPS Kentucky;ZW00;;0;0
ZW000A66;ZW000A;ZPS Harare Remand;ZW00;;0;0
ZW000A67;ZW000A;ZPS Harare Central Prison Dependants ;ZW00;;0;0
ZW000A68;ZW000A;Kuwadzana Satellite Clinic;ZW00;;0;0
ZW000A69;ZW000A;Budiriro Satellite Clinic;ZW00;;0;0
ZW000A70;ZW000A;ZRP Tomlinson Depot;ZW00;;0;0
ZW000A72;ZW000A;ZRP Support;ZW00;;0;0
ZW000A73;ZW000A;INNSCOR Wellness;ZW00;;0;0
ZW000A74;ZW000A;Harare City Centre VMMC Clinic;ZW00;;0;0
ZW000A75;ZW000A;PSI GUC (Wilkins);ZW00;;0;0
ZW000A76;ZW000A;Glen View Maternity (Private);ZW00;;0;0
ZW000A77;ZW000A;Waterfalls Medical Centre;ZW00;;0;0
ZW000A78;ZW000A;NCM Cranborne;ZW00;;0;0
ZW000A79;ZW000A;Pacific Mabvuku;ZW00;;0;0
ZW000A80;ZW000A;UZ Student Clinic;ZW00;;0;0
ZW000A81;ZW000A;Starlight Maternity;ZW00;;0;0
ZW000A82;ZW000A;Trauma Centre;ZW00;;0;0
ZW000A83;ZW000A;Gonda Hospital ;ZW00;;0;0
ZW000A84;ZW000A;Belvedere Medical Centre;ZW00;;0;0
ZW000A85;ZW000A;Marlborough Medical Centre;ZW00;;0;0
ZW000A86;ZW000A;ZAPSO;ZW00;;0;0
ZW000A87;ZW000A;Delta Beverages -ST Thomas Clinic;ZW00;;0;0
ZW000A88;ZW000A;Delta Beverages -Southerton Clinic;ZW00;;0;0
ZW000A89;ZW000A;Delta Beverages - Graniteside Clinic;ZW00;;0;0
ZW000A90;ZW000A;Hope Community Medical Centre;ZW00;;0;0
ZW000A91;ZW000A;NRZ Kenneth Kaunda Ave Clinic;ZW00;;0;0
ZW000A92;ZW000A;NRZ Rugare Clinic;ZW00;;0;0
ZW000A93;ZW000A;ZRP Highfield Clinic;ZW00;;0;0
ZW000A94;ZW000A;OK Zimbabwe Clinic;ZW00;;0;0
ZW000A95;ZW000A;ZPS Chikurubi Prison Male Psychiatric Unit;ZW00;;0;0
ZW000A96;ZW000A;ZPS Harare Metro Province Prison Clinic ;ZW00;;0;0
ZW000A97;ZW000A;CIMAS Highglen Clinic;ZW00;;0;0
ZW000A98;ZW000A;GYPROC Harare;ZW00;;0;0
ZW000A99;ZW000A;CIMAS Fourth Street;ZW00;;0;0
ZW000API;ZW000A;Newlands Clinic;ZW00;;0;0
ZW000B01;ZW000B;Seke South Clinic;ZW00;kVEQJTFoFoA;31.0763;-18.0314
ZW000B02;ZW000B;Seke North Clinic;ZW00;tPiQaqp8wX7;31.0943;-18.0152
ZW000B03;ZW000B;St.Mary's Clinic;ZW00;JHGXfAqaDN6;31.0427;-17.9947
ZW000B04;ZW000B;Zengeza Clinic;ZW00;MviCUcbWstw;31.0582;-18.0066
ZW000B0B;ZW000B;South Medical Hospital;ZW00;;0;0
ZW000B0D;ZW000B;Manyame 24Hr;ZW00;P1Yxb7N3wvJ;31.0427;-17.9908
ZW000C0C;ZW000C;Chitungwiza Central Hospital;ZW00;UuHcaRFt2ZE;31.0628;-18.0176
ZW000CHI;ZW0903;Chirundu;ZW09;;0;0
ZW000D0D;ZW000D;Harare Central Hospital;ZW00;egktPmYQEns;31.0128;-17.8609
ZW000E0E;ZW000E;Parirenyatwa Central Hospital;ZW00;;0;0
ZW000FOB;ZW0903;Forbes;ZW09;;0;0
ZW000FOL;ZW000A;Covid Followup;ZW00;;0;0
ZW000JMN;ZW0903;JMN Airport;ZW09;;0;0
ZW000KAZ;ZW0309;Kazungula;ZW09;;0;0
ZW000PLT;ZW0903;Plumtree;ZW09;;0;0
ZW000VICA;ZW0903;Victoria Falls International;ZW09;;0;0
ZW000VICB;ZW0903;Victoria Falls Bridge;ZW09;;0;0
ZW010101;ZW0101;Berenyazvidzi;ZW01;CV4IXOSr5ky;31.7377;-19.05373
ZW010102;ZW0101;Betera;ZW01;TSZXbU6qfEv;32.0012207;-19.37372
ZW010103;ZW0101;Madzimbashuro;ZW01;BD1Jfvjv9U2;31.65630913;-19.43503
ZW010104;ZW0101;Mombeyarara;ZW01;Z3zy2PuT7Bd;31.60378075;-19.20428
ZW010105;ZW0101;Murwira;ZW01;m7DEma7WFue;31.83353043;-19.53361
ZW010106;ZW0101;Zangama;ZW01;OhbIh1Vr8da;32.11957932;-19.56878
ZW01010A;ZW0101;Buhera;ZW01;AmshadDUFjP;31.43592072;-19.33897
ZW01010B;ZW0101;Birchenough;ZW01;caxcNeLNWje;32.33853149;-19.97181
ZW01010C;ZW0101;Murambinda;ZW01;crCCkYOvmme;31.65555954;-19.26678
ZW010116;ZW0101;Mudawose;ZW01;SfjgNrMMfET;32.09959;-19.47415
ZW010117;ZW0101;Chimbudzi;ZW01;p7YSxA5z5XM;31.8042202;-19.47289
ZW010118;ZW0101;Garamwera;ZW01;BPTlzlZSXck;31.40218925;-19.20661
ZW010119;ZW0101;Munyanyi;ZW01;hSYoXS16XPR;31.7346096;-19.15669
ZW010124;ZW0101;Mudanda;ZW01;qB4aqkr5Zan;31.71755981;-19.39111
ZW010125;ZW0101;Bangure;ZW01;NzioLDOMyHi;31.77325058;-19.53564
ZW010126;ZW0101;Chabata;ZW01;jH46ybtyEXK;32.15781021;-19.78603
ZW010127;ZW0101;Chapanduka;ZW01;hNoV44tWsEW;32.1689415;-19.68356
ZW010128;ZW0101;Chapwanya;ZW01;twU87JyEeTq;31.35243988;-19.17197
ZW010129;ZW0101;Chirozva;ZW01;ShBRKNawnxh;32.00093842;-19.45672
ZW010130;ZW0101;Chiwenga;ZW01;veHcLRZXMge;31.98941994;-19.23839
ZW010131;ZW0101;Chiweshe;ZW01;QOUhAoaWRDk;31.88455963;-19.22269
ZW010132;ZW0101;Gunura;ZW01;bEJ6QvvP0jI;32.30699921;-19.87439
ZW010133;ZW0101;Gombe;ZW01;qJJ6I9d7TGu;31.53335953;-19.23786
ZW010134;ZW0101;Mutepfe;ZW01;dudLclDI9eN;31.96869087;-19.76764
ZW010135;ZW0101;Mutiusinazita;ZW01;jlVfnFAU0q4;32.06731033;-19.72489
ZW010136;ZW0101;Muzokomba;ZW01;u4hcDaNwITk;31.97167015;-19.58381
ZW010137;ZW0101;Nerutanga;ZW01;nI7iCnzqfvW;31.35038948;-19.28703
ZW010138;ZW0101;Rambanapasi;ZW01;cDMh15Lx49d;31.65449905;-19.13994
ZW010139;ZW0101;Chawatama;ZW01;aFSG27wnzQY;31.5992;-19.13214
ZW010175;ZW0101;Dorowa;ZW01;dPK4rB0KqA7;31.7682209;-19.05431
ZW010201;ZW0102;Bumba;ZW01;qVjkv57fvWb;32.63581085;-19.65556
ZW010202;ZW0102;Changazi;ZW01;K3ntSeDRPaA;32.47256088;-19.93394
ZW010203;ZW0102;Chayamiti;ZW01;H8cEwsCKC4t;32.55456162;-19.66983
ZW010204;ZW0102;Chikukwa;ZW01;PUNmyNqtxNl;32.93732834;-19.72056
ZW010205;ZW0102;Nyahode;ZW01;WAj0s2JUSP5;32.82271957;-19.94106
ZW010208;ZW0102;Muchadziya;ZW01;OuEqlnfUt7c;32.9486084;-20.01139
ZW01020A;ZW0102;Biriwiri;ZW01;rpR9uJUifr4;32.67343903;-19.79031
ZW01020B;ZW0102;Nyanyadzi;ZW01;GtuPUhZTkij;32.42192078;-19.78694
ZW01020C;ZW0102;Mutambara;ZW01;LS2Iy7H3Kx3;32.68603134;-19.53492
ZW01020D;ZW0102;Rusitu;ZW01;w1KvMDHi7cA;32.86471939;-20.03361
ZW01020E;ZW0102;Chimanimani Hospital;ZW01;H2nBLDGbyPZ;32.8576;-19.81937
ZW010225;ZW0102;Cashel;ZW01;vo5ZD5eTTjh;32.7883606;-19.54161
ZW010226;ZW0102;Chakohwa;ZW01;Cc5fCsfiMeA;32.51755905;-19.55397
ZW010227;ZW0102;Chikwakwa;ZW01;Aiidz5NIu4q;32.57313919;-19.85436
ZW010229;ZW0102;Gudyanga;ZW01;ScPDUtDOQ7r;32.40428162;-19.86911
ZW010230;ZW0102;Mutsvangwa;ZW01;f9V9wkQROiw;32.91249847;-20.07528
ZW010231;ZW0102;Ngorima;ZW01;CQ3o6mYp1Zp;32.85749817;-20.05167
ZW010232;ZW0102;Shinja;ZW01;dQUAeiEDFpr;32.60668945;-19.75481
ZW010251;ZW0102;ARDA Rusitu;ZW01;vTaoplhoJM3;32.78583145;-20.03472
ZW010252;ZW0102;Martin;ZW01;N78su57cU07;32.93402863;-19.76719
ZW010261;ZW0102;Charter;ZW01;L7P4zrK5k64;32.80675125;-19.83536
ZW010262;ZW0102;Chisengu;ZW01;yhlaqZWt7N1;32.88586044;-19.90414
ZW010264;ZW0102;Roscommon;ZW01;PxvvQMGB0kx;32.81055832;-20.02167
ZW010265;ZW0102;Tarka;ZW01;UibBP7xjfCl;32.93761063;-19.97231
ZW010266;ZW0102;Tilbury;ZW01;rajvxcpGpWt;32.97296906;-19.90747
ZW010303;ZW0103;Chinyamukwaka;ZW01;kMKIwh4EQPi;32.3608284;-20.91722
ZW010306;ZW0103;Kopera;ZW01;Rc6mdgR6jQc;32.77000046;-20.32139
ZW010307;ZW0103;Mabeye;ZW01;Dlm5vVPH4xZ;32.36027908;-20.90194
ZW010309;ZW0103;Mahenye;ZW01;arxXEDOObfS;32.39283;-21.25018
ZW01030A;ZW0103;Chipinge;ZW01;prJwfHo35UK;32.61917114;-20.19583
ZW01030B;ZW0103;Chikore;ZW01;eh9v7iWzf12;32.49777985;-20.43694
ZW01030C;ZW0103;Mt. Selinda;ZW01;iwiIo0ksDLj;32.70306015;-20.42389
ZW01030D;ZW0103;St. Peters;ZW01;eeOndYZ0Czy;32.21527863;-20.77111
ZW010311;ZW0103;Musirwizi;ZW01;LaAarcpXdJr;32.5802803;-20.46028
ZW010312;ZW0103;Paidamoyo;ZW01;GSO7OZtivM0;32.80582809;-20.11056
ZW010314;ZW0103;Tanganda;ZW01;Knr1EHQbGwh;32.35055923;-20.11056
ZW010315;ZW0103;Tongogara;ZW01;jq5ZU3Veftn;32.30638886;-20.34806
ZW010316;ZW0103;Tuzuka;ZW01;IIth6fUG1GG;32.484827;-20.541155
ZW010317;ZW0103;ZRP-Chipinge;ZW01;QIrP8yI4al9;32.62221909;-20.19917
ZW010325;ZW0103;Chibuwe;ZW01;moQZ9tvpYvt;32.30083084;-20.46417
ZW010327;ZW0103;Hwakata;ZW01;pGQjbvHMTPK;32.48556137;-20.82556
ZW010328;ZW0103;Kondo;ZW01;FbavS0QLZNB;32.38528061;-20.39806
ZW010329;ZW0103;Madhuka;ZW01;vkNmGPfwSDf;32.36333084;-20.72111
ZW010330;ZW0103;Manzvire;ZW01;TSXhr5Oon4K;32.34027863;-20.77556
ZW010331;ZW0103;Musani;ZW01;mY5MuS8ibsq;32.40333176;-20.08361
ZW010332;ZW0103;Mutandahwe;ZW01;hKl4NCF7eRF;32.19499969;-21.01056
ZW010333;ZW0103;Mutema;ZW01;WDjdDW5YM9t;32.36027908;-20.13417
ZW010334;ZW0103;Ngaome;ZW01;h0HY9qChF4k;32.56972122;-19.98972
ZW010335;ZW0103;Rimbi;ZW01;wRKMZ42iW4k;32.39305878;-20.5475
ZW010336;ZW0103;Vheneka;ZW01;PnK6HVt1SRm;32.1538887;-20.93722
ZW010337;ZW0103;Zamchiya;ZW01;aJ0Yovbj54f;32.47750092;-20.69972
ZW010338;ZW0103;Checheche;ZW01;cfyzxG8NXg5;32.61000061;-20.03722
ZW010339;ZW0103;Chisuma;ZW01;TKrmz8yHMzD;32.36027908;-21.05306
ZW010340;ZW0103;Muparadze;ZW01;JlS9FkKe7Im;32.27666855;-21.07389
ZW010345;ZW0103;Chipangayi;ZW01;GICpKH9qAO3;32.3533287;-20.26306
ZW010346;ZW0103;Chiriga;ZW01;SzA0jNDxgVy;32.608623;-20.276047
ZW010347;ZW0103;Gaza;ZW01;WDhJhhGwrLR;32.63943863;-20.19194
ZW010348;ZW0103;Junction Gate;ZW01;SVtVD1Rl6la;32.78416824;-20.16056
ZW010349;ZW0103;Chipinge Town ;ZW01;NBVeWREYjSt;32.625347;-20.19111
ZW010350;ZW0103;Tamandai;ZW01;eTm3CJ9XKCY;32.83279;-20.30563
ZW010362;ZW0103;Clear Water;ZW01;LRrRucSyV0u;32.72721863;-20.10889
ZW010364;ZW0103;Jersey;ZW01;eA9SVqmE5dM;32.67972183;-20.52528
ZW010365;ZW0103;ARDA-Mid-Save;ZW01;wjp2vgBsUf3;32.37889099;-20.05167
ZW010366;ZW0103;New Year Gift;ZW01;fh1XKCyfkGN;32.57444;-20.09583
ZW010367;ZW0103;Silverstream;ZW01;wlJbhvl1hXM;32.68444061;-19.98972
ZW010371;ZW0103;Ratelshoek;ZW01;vkZIaoGo7gn;32.80611038;-20.24639
ZW010372;ZW0103;Zona;ZW01;HbCkQDFnwXR;32.73611069;-20.43722
ZW010390;ZW0103;Gwenzi;ZW01;CuuhL6E9mz8;32.66249847;-20.53
ZW010401;ZW0104;Bamba;ZW01;lzja6Z7gLlI;32.30622101;-18.20478
ZW010402;ZW0104;Chikobvore;ZW01;Flp3vCTgDrH;32.15671921;-18.90203
ZW010403;ZW0104;Chinhenga;ZW01;GP1o1ImE8kr;32.50246811;-18.03619
ZW010404;ZW0104;Bingaguru;ZW01;QK63B8hEjh5;32.3889389;-18.22244
ZW010405;ZW0104;Chinyika 2;ZW01;s6XW9zO319h;32.289355;-18.143585
ZW010406;ZW0104;Chinyudze;ZW01;ueyLZw0eNlp;32.20046997;-18.18653
ZW010407;ZW0104;Gorubi Springs;ZW01;TzHvI00E7RH;32.23431;-18.67112
ZW010409;ZW0104;Gowakowa;ZW01;CSEp89EQzMI;32.33406067;-18.08644
ZW01040A;ZW0104;Rusape;ZW01;DC7Rz9IEw9Q;32.13636017;-18.53892
ZW01040B;ZW0104;Weya;ZW01;x34uXkCe1ET;32.15196991;-18.04158
ZW01040C;ZW0104;Makoni;ZW01;vvIjMN898IB;32.38877869;-18.61997
ZW01040D;ZW0104;Nedevedzo;ZW01;KoIw7LDGj9f;31.87491989;-18.55028
ZW01040E;ZW0104;St Micheals;ZW01;vubZWOdIwQU;32.45042038;-17.90319
ZW01040F;ZW0104;St Theresa;ZW01;zoRhmzvxj3m;31.91918945;-18.58714
ZW010410;ZW0104;Katsenga;ZW01;pGZ8wBu4TVD;32.00347137;-18.72456
ZW010411;ZW0104;Maparura;ZW01;nusxH4dUCBX;32.40510941;-18.00294
ZW010412;ZW0104;Masvosva;ZW01;bEmIi49FX23;31.85693932;-18.70275
ZW010413;ZW0104;Matotwe;ZW01;qNM0xkDjd2P;32.36692047;-18.52292
ZW010414;ZW0104;Mayo1;ZW01;HHeHDfrf9G9;32.27336121;-17.87047
ZW010415;ZW0104;Mayo2;ZW01;cYGPBGuZmRf;32.3517189;-17.78494
ZW010418;ZW0104;Nyahowe;ZW01;JOtTKeBqxSg;32.4030304;-17.93886
ZW010419;ZW0104;Nyahukwe;ZW01;sirWV0cn0Tt;32.3223114;-18.46983
ZW010420;ZW0104;Nyamukamani;ZW01;Nbg5jfWxWRm;32.1720314;-18.09111
ZW010425;ZW0104;Chiduku;ZW01;o1koaovBpfp;31.9347496;-18.82058
ZW010426;ZW0104;Chikore;ZW01;QY6PYYlyHc3;32.50703049;-17.72186
ZW010427;ZW0104;Nyazura;ZW01;M63d8AhC8z9;32.17139053;-18.72089
ZW010428;ZW0104;Dowa;ZW01;CP661imetWS;31.80269051;-18.52369
ZW010429;ZW0104;Dumbamwe;ZW01;gwWyz9Yf0k4;32.38531113;-18.42167
ZW010430;ZW0104;Matsika;ZW01;Aw0gLK0LUg8;31.95266914;-18.70075
ZW010431;ZW0104;Nyamidzi;ZW01;ZNRqWYbfd15;32.08721924;-18.93989
ZW010432;ZW0104;Mukamba;ZW01;VfrcAWmDlIN;32.00271988;-18.86703
ZW010433;ZW0104;Rukweza;ZW01;rnPGEznV0Bb;32.08377838;-18.8045
ZW010434;ZW0104;Tandi;ZW01;BotP1Hanr0I;32.02088928;-18.56839
ZW010435;ZW0104;Tariro;ZW01;Ixfqop6Lj7J;32.0839386;-18.73558
ZW010436;ZW0104;Tsanzaguru;ZW01;MKcrk2b2e4G;32.10678101;-18.61947
ZW010437;ZW0104;Era Mine;ZW01;giUlAqwyIdB;32.27172089;-18.23656
ZW010438;ZW0104;Maurice Nyagumbo;ZW01;vyqimrfz51a;32.33710861;-18.67436
ZW010440;ZW0104;Headlands;ZW01;kebWUmGSpPD;32.03989029;-18.28597
ZW010441;ZW0104;Mubvurungwa;ZW01;NsczMWPrPgN;31.9343605;-18.53472
ZW010442;ZW0104;Vengere;ZW01;yEQzNamH3uC;32.11877823;-18.55675
ZW010443;ZW0104;Ringanayi;ZW01;fKZgpZN6GBl;32.43861008;-18.55803
ZW010444;ZW0104;Mavhudzi;ZW01;HUOuqNzR6Aq;32.14423;-18.72616
ZW010445;ZW0104;Chinyadza;ZW01;W9sqarekapD;32.02244186;-18.67194
ZW010446;ZW0104;Nyamusosa;ZW01;jqirYc5fbgN;32.26243;-18.00061
ZW010482;ZW0104;Mukuwapasi;ZW01;tgEcmH86yG7;32.21847153;-18.50592
ZW010491;ZW0104;Nyazura;ZW01;Hgy0mKJsd6k;32.22460938;-18.75678
ZW010492;ZW0104;Anorldine;ZW01;Q4pYhjAOvDW;32.20314026;-18.23539
ZW010501;ZW0105;Bwizi;ZW01;nX2wdonp9qm;32.43558121;-19.35569
ZW010502;ZW0105;Chiadzwa;ZW01;UM6l3jCXCeU;32.3373909;-19.61906
ZW010503;ZW0105;Mavhiza;ZW01;m6dVqEaLMBZ;32.23868942;-19.50536
ZW010504;ZW0105;Gutaurare;ZW01;vvbLDyFCjWc;32.61811066;-19.37139
ZW010505;ZW0105;Gwindingwi Rural Health Centre;ZW01;Aqp0UdKoD2W;32.65383148;-19.9385
ZW010506;ZW0105;Muromo;ZW01;O1fCNuvsfI3;32.55638886;-19.38897
ZW010507;ZW0105;St Welburgh;ZW01;YsNestJGSg9;32.71035;-19.1165
ZW010508;ZW0105;Chiwere;ZW01;OHEf3RcLGXc;32.25064087;-19.03914
ZW010509;ZW0105;Mt Zuma;ZW01;jeG6aR2JPR9;32.13581085;-19.10497
ZW01050A;ZW0105;Mutare;ZW01;RCcVLhP0OOz;32.67047119;-18.96972
ZW01050C;ZW0105;Sakubva;ZW01;bvHAxX0E4E3;32.65156174;-18.98944
ZW01050E;ZW0105;Marange;ZW01;BmQ8l3yqaT3;32.27425003;-19.25336
ZW01050F;ZW0105;St Andrews;ZW01;FQUAPwfgFog;32.34072113;-19.42161
ZW01050G;ZW0105;St Joseph's;ZW01;f7IkOT2Fpg5;32.62497;-18.99814
ZW010511;ZW0105;Nyagundi;ZW01;B3QCBw575UP;32.36872101;-19.11756
ZW010512;ZW0105;Nyamazura;ZW01;j5z5Vg20MEn;32.41685867;-18.88764
ZW010513;ZW0105;Zvipiripiri;ZW01;k9ZNxyUdCX2;32.1910286;-19.33794
ZW010515;ZW0105;Vumba;ZW01;VBQGAnJefui;32.81328;-19.04207
ZW010519;ZW0105;Chitora;ZW01;DgIsJlyh7ei;32.62321;-19.32544
ZW010520;ZW0105;Matanda;ZW01;CfSF8vkX9AT;32.40403;-19.24827
ZW010521;ZW0105;Lee Kul;ZW01;XD3SG9HU45u;32.28185;-18.87699
ZW010524;ZW0105;ARDA Odzi;ZW01;wzDAn1eA5kd;32.36755;-18.97483
ZW010525;ZW0105;Bakorenhema;ZW01;ztdSiPmI0jW;32.35144043;-19.30542
ZW010526;ZW0105;Berzerly Bridge;ZW01;y0apJPdoLjN;32.4892807;-19.25094
ZW010527;ZW0105;Chipfatsura;ZW01;m8DAMDBYPtN;32.28535843;-19.17347
ZW010529;ZW0105;Chitakatira;ZW01;SXQUXZcRPpT;32.68661118;-19.13406
ZW010530;ZW0105;Mambwere;ZW01;aguTJqpXxlw;32.63513947;-19.28447
ZW010531;ZW0105;Masasi;ZW01;a53FjMa0Ant;32.42430878;-19.43903
ZW010532;ZW0105;Prison Farm;ZW01;Tt1gpPLHadg;32.57973;-18.96491
ZW010533;ZW0105;Mukwada;ZW01;wGXvOjmu96h;32.35535812;-19.52181
ZW010534;ZW0105;Chitaka;ZW01;sWYcABebL7i;32.48403168;-19.12181
ZW010535;ZW0105;Mushunje;ZW01;ODObWEFaXym;32.44081116;-19.16811
ZW010536;ZW0105;Nzvenga;ZW01;LrvqVkxFVsI;32.37125015;-19.35089
ZW010537;ZW0105;Rowa;ZW01;XZzgzuU96aH;32.62435913;-19.16856
ZW010538;ZW0105;Odzi;ZW01;eFmKu8tm7j9;32.38896942;-18.96922
ZW010539;ZW0105;Zimunya;ZW01;tQoib218u3c;32.62342072;-19.10036
ZW010540;ZW0105;Zumbare;ZW01;qeXexLypgiq;32.15258026;-19.22053
ZW010541;ZW0105;Dora;ZW01;wsesGoK4rZD;32.52222061;-19.07036
ZW010543;ZW0105;Chishingwi;ZW01;G3ZYErhtakQ;32.40555954;-19.603
ZW010544;ZW0105;Chipendeke;ZW01;sjqxywFwPPr;32.7040596;-19.32369
ZW010545;ZW0105;Burma Valley;ZW01;bO62hSAscwQ;32.80686188;-19.20719
ZW010561;ZW0105;City Clinic;ZW01;pyvuKuH8RCC;32.67074966;-18.98767
ZW010562;ZW0105;Chikanga;ZW01;XhRWmvXHxeR;32.64107895;-18.96889
ZW010563;ZW0105;Dangamvura;ZW01;MrKXsFnrL8j;32.6001091;-19.00678
ZW010564;ZW0105;Sakubva Health Centre;ZW01;hz6M0qg1e2n;32.64739;-18.99012
ZW010565;ZW0105;Florida;ZW01;qRroK8G1NdU;32.65243912;-18.97078
ZW010566;ZW0105;Fernvalley;ZW01;h19bKSYBhsC;32.65113831;-19.03792
ZW010591;ZW0105;Chikwariro;ZW01;YP2FZTjfV0z;32.30678177;-19.33714
ZW010601;ZW0106;Chavhanga;ZW01;cHV2bfs6fO7;33.0032196;-18.23625
ZW010602;ZW0106;Rupinda;ZW01;ZEKFKqDov1x;32.85655975;-18.63775
ZW010603;ZW0106;Sherukuru;ZW01;x6fzK3lC31k;32.53636169;-18.64078
ZW01060A;ZW0106;Tsonzo;ZW01;bUaxaZ6EBrj;32.6032486;-18.68836
ZW01060B;ZW0106;Bonda;ZW01;rBQzyDOllhb;32.60338974;-18.45428
ZW01060C;ZW0106;Old Mutare;ZW01;Eej6PK0ibK9;32.58803177;-18.90747
ZW01060D;ZW0106;St Barbaras;ZW01;GllfEqmEhOT;32.47352982;-18.50311
ZW01060E;ZW0106;Triashill;ZW01;Jj8DNk112jl;32.47303009;-18.43531
ZW01060F;ZW0106;Hauna;ZW01;Dh0nRziYm59;32.85197067;-18.49153
ZW010625;ZW0106;Chitombo;ZW01;hWY5bWPfKN9;32.78974915;-18.55269
ZW010626;ZW0106;Guta;ZW01;Ues29NW1eYO;32.65293884;-18.74136
ZW010627;ZW0106;Hauna;ZW01;E3H6wlL5tV2;32.85083008;-18.502
ZW010628;ZW0106;Mundeya;ZW01;YT86mnonZzz;32.98957825;-18.4225
ZW010629;ZW0106;Mupotedzi;ZW01;hX6rd1u0c3e;32.80147171;-18.57139
ZW010630;ZW0106;Mt Jenya;ZW01;ATW7rLLuxXS;32.50263977;-18.75283
ZW010631;ZW0106;Mutasa;ZW01;uuN5RuVkZjK;32.65393829;-18.55447
ZW010632;ZW0106;Moyoweshumba;ZW01;YHNrgUBY7iS;32.67235947;-18.67472
ZW010633;ZW0106;Ngarura;ZW01;GDqFwDpZc0S;32.87152863;-18.58803
ZW010635;ZW0106;Zindi;ZW01;xvuWT8iCSZz;32.93635941;-18.38922
ZW010636;ZW0106;Sachisuko;ZW01;PVqBMEITGZG;33.00214005;-18.38981
ZW010637;ZW0106;Sadziwa;ZW01;n5tQj1nHrSp;32.55828094;-18.50056
ZW010638;ZW0106;Sagambe;ZW01;stQ9t1Klkv0;33.00286102;-18.32481
ZW010639;ZW0106;Sahumani;ZW01;rC42Q9ltl0P;32.82027817;-18.55569
ZW010640;ZW0106;Sakupwanya;ZW01;WYa9kpJoGlO;32.65560913;-18.60747
ZW010641;ZW0106;Samanga;ZW01;wV5yUxxZ6tB;32.75527954;-18.53369
ZW010642;ZW0106;Samaringa;ZW01;SamIzZkG4Sg;32.78430939;-18.62308
ZW010643;ZW0106;Zongoro;ZW01;urarwO4MT3n;32.58778;-18.78931
ZW010645;ZW0106;Chinamasa;ZW01;WTG6oEnR7sN;32.57098;-18.57828
ZW010664;ZW0106;Eastern Highlands Plantation Clinic;ZW01;ChudQ17X9zf;32.95180893;-18.35414
ZW010665;ZW0106;Haparare;ZW01;vD0cmk3nKr1;32.47261047;-18.60322
ZW010667;ZW0106;Katiyo;ZW01;ND24v6EuXVS;33.03453064;-18.37128
ZW010668;ZW0106;Selbourne/Nyanga Pine Clinic;ZW01;FFKaCUsSCQj;32.65771;-18.53106
ZW010669;ZW0106;Drenane;ZW01;AoSdsIPLKWX;32.70674896;-18.76931
ZW010670;ZW0106;Imbeza;ZW01;k4plSoMGa0V;32.72091;-18.91068
ZW010671;ZW0106;Red Wing;ZW01;yGoo44PvDXg;32.67213821;-18.871
ZW010672;ZW0106;Sheba;ZW01;GGQhftNDqxV;32.80480957;-18.77103
ZW010673;ZW0106;Stapleford;ZW01;ejTzO8trGcX;32.82181168;-18.74047
ZW010691;ZW0106;Gatsi;ZW01;CjhuibtqJ9P;32.81785965;-18.52333
ZW010692;ZW0106;Honde Mission Clinic;ZW01;MwBIBpbaKVP;32.76974869;-18.60322
ZW010693;ZW0106;St Augustines;ZW01;TLygdaSGpts;32.6554985;-18.87431
ZW010694;ZW0106;St Peter's Mandeya;ZW01;uXG7AmdmYq1;32.93996811;-18.45806
ZW010696;ZW0106;Mapara;ZW01;aBLvPMrMUva;32.65219116;-18.78369
ZW010697;ZW0106;Jombe;ZW01;kdjqcumgZK9;32.70233154;-18.63772
ZW010698;ZW0106;Premier;ZW01;RcSUy8MhT4H;32.54691;-18.90384
ZW010702;ZW0107;Dombo;ZW01;RVTCuLOTnIC;32.43803024;-18.35139
ZW010703;ZW0107;Fombe;ZW01;cGLXwIb6qa3;32.99074936;-17.33472
ZW010704;ZW0107;Gairezi;ZW01;TrTateV4FpE;32.95471954;-18.10139
ZW010705;ZW0107;Gotekote;ZW01;Y6f51RnIFBf;32.67319107;-17.71917
ZW010706;ZW0107;Nyarumvurwe;ZW01;i955VY3NXvb;32.65750122;-18.2235
ZW010707;ZW0107;Matize;ZW01;qUajs0mhlbX;32.92385864;-17.57161
ZW010709;ZW0107;Nyamombe;ZW01;TPQQomko5Wj;32.55833054;-17.75681
ZW01070A;ZW0107;Nyanga;ZW01;MZykUUn5dYo;32.75753021;-18.22828
ZW01070B;ZW0107;Avilla;ZW01;cdFeP19JNZ0;32.78696823;-17.46947
ZW01070C;ZW0107;Elim;ZW01;iVxtmaNOfJy;32.78955841;-17.60311
ZW01070D;ZW0107;Mt Mellary;ZW01;gNDwbtp5I75;32.73577881;-17.97469
ZW01070E;ZW0107;Regina Coeli;ZW01;GS1T53HSfL7;32.88499832;-17.86889
ZW010710;ZW0107;Nyautate;ZW01;sSKlpVkDqJK;32.6550293;-17.84089
ZW010711;ZW0107;Ruchera;ZW01;xlfJsY2oi9P;32.55397034;-18.11878
ZW010725;ZW0107;Chitindo;ZW01;FvfmaBnvRKX;32.9842186;-17.79064
ZW010726;ZW0107;Chiwarira;ZW01;xx6DcGodWk5;31.57185936;-17.15781
ZW010727;ZW0107;Nyamaropa;ZW01;aA8JmPQmK81;32.95360947;-17.8625
ZW010729;ZW0107;Kambudzi;ZW01;qQpBT1CP8eY;32.86796951;-17.78936
ZW010730;ZW0107;Nyatate;ZW01;hYY8iQw9VjP;32.6720314;-18.01797
ZW010731;ZW0107;Samvure;ZW01;fngPvM0fNNI;32.97138977;-17.71872
ZW010732;ZW0107;Tombo;ZW01;omGmH28ptOx;32.88388824;-18.0175
ZW010761;ZW0107;Nyangui;ZW01;taXTBOfQPrt;32.78535843;-18.02061
ZW010762;ZW0107;Nyafaru;ZW01;HW0eTeLlega;32.93111038;-18.18917
ZW010763;ZW0107;Erin;ZW01;VAUEhOQ0M5c;32.70222092;-18.3835
ZW010792;ZW0107;Claremont;ZW01;PQYcMmTvt6L;32.70164;-18.32787
ZW010794;ZW0107;Nyadowa;ZW01;OQucnnhShgt;32.9217186;-17.75789
ZW010795;ZW0107;Spring Valley;ZW01;iGL5yAjdHAC;32.54565;-18.3711
ZW020101;ZW0201;Chiveso;ZW02;LlBAE0LCS4k;31.34956932;-17.46283
ZW020102;ZW0201;Muonwe;ZW02;IDbYdjwj14C;31.25351906;-17.52205
ZW020103;ZW0201;ZPS Bindura Prison Clinic;ZW02;ePZ78XLZM0A;31.3264;-17.29262
ZW020104;ZW0201;Bindura Polyclinic;ZW02;eXlDbDvNDwz;31.33197975;-17.30967
ZW020105;ZW0201;ZRP Bindura;ZW02;PN1oUrZNWpR;31.3288002;-17.29583
ZW02010A;ZW0201;Bindura;ZW02;WwSWlsfhq7n;31.32876968;-17.29005
ZW020125;ZW0201;Katanya;ZW02;HWEKcq4FVGQ;31.38008;-16.8692
ZW020126;ZW0201;Nyava;ZW02;gGHjg0ZF3Rr;31.36051941;-17.56392
ZW020145;ZW0201;Chiriseri;ZW02;QppzgSk1p8u;31.16135025;-17.45422
ZW020146;ZW0201;Manhenga;ZW02;Gu1JjY6Edv0;31.31217003;-17.39605
ZW020161;ZW0201;Rusununguko;ZW02;nthtrQ8ZYCS;31.28075027;-17.06137
ZW020162;ZW0201;Chipadze;ZW02;JT4xbWNaj7X;31.35515022;-17.31758
ZW020163;ZW0201;Chiwaridzo;ZW02;GnrA0A7yXp9;31.3592205;-17.32222
ZW020175;ZW0201;Freda Rebecca;ZW02;X7zphE53Ypc;31.33197975;-17.30967
ZW020176;ZW0201;Trojan;ZW02;MGkBDNSEhJC;31.28507996;-17.33128
ZW020177;ZW0201;Farm H.Centre;ZW02;atIzgRoLGLR;31.35577965;-17.31998
ZW020178;ZW0201;Foothills;ZW02;yibYZ6Po0zH;31.27804947;-17.2132
ZW020179;ZW0201;Busce ;ZW02;yYhEp4VZzBs;31.333;-17.3249
ZW020181;ZW0201;ZNFPC;ZW02;RssHyAx1haj;31.33429;-17.31039
ZW020182;ZW0201;Rutope;ZW02;i9ye3IKSAQG;31.56554985;-17.55588
ZW020183;ZW0201;Manga;ZW02;SLW5ioYcyec;31.25575;-16.889
ZW020184;ZW0201;Mupandira;ZW02;EiLjfjMowWZ;31.30719;-17.459816
ZW020185;ZW0201;Takunda ;ZW02;zW8TMirt94J;31.1522;-17.2316
ZW020186;ZW0201;Glamorgan;ZW02;DTEru2o5vj7;31.4236;-17.4394
ZW020201;ZW0202;Chawarura;ZW02;eheoVVnQWUz;31.11017036;-16.5185
ZW020202;ZW0202;Hoya;ZW02;odZS1HPsm2F;31.30266953;-16.357
ZW020203;ZW0202;Machaya;ZW02;IUEcjWshRkE;31.16200066;-16.35067
ZW020204;ZW0202;Muzarabani;ZW02;yCf2IRuuCK4;30.89249992;-16.3925
ZW020207;ZW0202;Chidikamwedzi;ZW02;u19lBQJUIP1;30.96166;-16.80012
ZW020208;ZW0202;Chinyani;ZW02;dba4bhqXMYE;31.20588;-16.58268
ZW020209;ZW0202;Always ;ZW02;UWioIdFCTFv;31.0023;-16.6736
ZW02020A;ZW0202;St Alberts;ZW02;xfgrIEhpVaZ;31.26667023;-16.57083
ZW020225;ZW0202;Hwata;ZW02;VXdzwHagVkQ;30.95999908;-16.32367
ZW020226;ZW0202;Dambakurima;ZW02;oqHezjkD4Tl;31.08856;-16.14613
ZW020245;ZW0202;David Nelson;ZW02;EoPAtQiKTcB;31.11667061;-16.7295
ZW020285;ZW0202;Chadereka;ZW02;yWX9wymGipZ;31.20216942;-16.167
ZW020301;ZW0203;Bvochora;ZW02;gqopHUVukuS;30.58551979;-16.57822
ZW020305;ZW0203;Negomo;ZW02;FgU4Zcz5U7E;30.75917053;-16.51056
ZW020306;ZW0203;Nyamhondoro;ZW02;FqmwZK7FDnu;30.75778008;-16.85139
ZW020307;ZW0203;Shinje;ZW02;B9rF35hip2q;30.72360992;-16.70667
ZW020308;ZW0203;Guruve RHC Clinic;ZW02;;0;0
ZW02030B;ZW0203;Guruve District Hospital;ZW02;gn5KxqkLgTm;30.70222092;-16.67111
ZW020326;ZW0203;Bakasa;ZW02;GYbuNzdwdUb;30.69277954;-16.52667
ZW020327;ZW0203;Bepura;ZW02;gZDrLl5gKNO;30.67250061;-16.85667
ZW020329;ZW0203;Chipuriro;ZW02;y44otghVAx2;30.72571945;-16.77972
ZW020331;ZW0203;Kachuta;ZW02;nNqtwWJ06vF;30.50264931;-16.63361
ZW020333;ZW0203;Matsvitsi;ZW02;HGx2Xw00U3Z;30.61083031;-16.67278
ZW020334;ZW0203;Gota;ZW02;VGSf8Penxpm;30.65777969;-16.58639
ZW020336;ZW0203;Guruve ZRP Clinic;ZW02;ryHT5F30qfA;30.7032;-16.6628
ZW020339;ZW0203;Nyakapupu;ZW02;PiTrurNdiyL;30.62805939;-16.75167
ZW020343;ZW0203;Ruyamuro;ZW02;JUuZbcHORmk;30.79528046;-16.71917
ZW020344;ZW0203;Birkdale;ZW02;cXIACOdC70S;30.7191;-16.969
ZW020345;ZW0203;Mugarakamwe;ZW02;dQlG18anLKE;30.57957;-16.86427
ZW020346;ZW0203;Kemutamba;ZW02;t7z7r7sYM2T;30.44222;-16.63607
ZW020347;ZW0203;Kamusasa;ZW02;tcl0y5CACHp;30.87209;-16.66756
ZW020348;ZW0203;Brandon ;ZW02;tkDEu9U43fG;30.5841;-16.9699
ZW020401;ZW0204;Chinehasha;ZW02;uLmC0kJJ4TQ;31.19017982;-16.92892
ZW020402;ZW0204;Nyakudya;ZW02;AbJRmrLd9eB;31.13680077;-17.02013
ZW020403;ZW0204;Shutu;ZW02;bs45px6C40Q;31.13912964;-17.07427
ZW020405;ZW0204;Montgomery ;ZW02;JxGGdcBF1lo;30.783;-17.247
ZW020406;ZW0204;Donje;ZW02;CxlReo4oAPb;30.95695;-16.9492
ZW020408;ZW0204;Ardura;ZW02;FKa3yMeMRO7;31.00105;-17.30145
ZW02040A;ZW0204;Concession Hosp.;ZW02;zbeXocs4ras;30.94342995;-17.38715
ZW02040B;ZW0204;Rosa;ZW02;BCQx0EncS5A;31.04725075;-17.134
ZW02040C;ZW0204;Howard;ZW02;fRsvqX30akL;30.99430084;-17.56592
ZW02040D;ZW0204;Mazowe Citrus Clinic;ZW02;n51CG1eEvX9;31.00945091;-17.45395
ZW02040E;ZW0204;Mvurwi;ZW02;rn0AGNueA6V;30.855;-17.03112
ZW020410;ZW0204;Davaar;ZW02;rUmvSFmllUB;31.13387;-17.27463
ZW020411;ZW0204;Vonabor;ZW02;mN1DcmfGN73;31.12155;-17.37307
ZW020425;ZW0204;Bare;ZW02;shdHYR7Vlpv;31.12623024;-16.87747
ZW020427;ZW0204;Jingamvura;ZW02;HumcblmYQdJ;31.20145035;-16.83293
ZW020428;ZW0204;Makope;ZW02;FH56ZyKYbKB;31.06069946;-17.02938
ZW020430;ZW0204;Christon Bank;ZW02;ks9Wt9MTNYA;31.0093708;-17.6095
ZW020432;ZW0204;Nzvimbo;ZW02;K84eutOBGqf;31.05260086;-17.0807
ZW020445;ZW0204;Belgone Clinic;ZW02;RbrrEAl4xGX;30.87218094;-17.52498
ZW020446;ZW0204;Holmeden;ZW02;dlvLQ9cbCAJ;30.69062996;-17.29543
ZW020447;ZW0204;Tsungubvi;ZW02;ZKR9y6QBLKq;31.05647087;-17.36563
ZW020475;ZW0204;Henderson Research;ZW02;TL6P8ih7Ra3;30.97216988;-17.59243
ZW020476;ZW0204;Iron Duke;ZW02;lmAKkT4GV7z;31.06539917;-17.44133
ZW020477;ZW0204;Mazowe Mine Clinic;ZW02;plRdDXQh3rU;30.9246006;-17.47368
ZW020478;ZW0204;Stories Mine;ZW02;lpwDIjXunPD;30.96113014;-17.51272
ZW020479;ZW0204;ZPS Mazowe Prison Clinic;ZW02;FD35gFkOMLQ;30.9238;-17.6031
ZW020482;ZW0204;N.E.M.Centre;ZW02;AbzDyWN1GSN;31.00281906;-17.36957
ZW020484;ZW0204;Dambo;ZW02;e4uQ0NpQoba;31.08111954;-17.19515
ZW020485;ZW0204;Forrester;ZW02;aU0pH9gpvY9;30.9546;-17.0488
ZW020486;ZW0204;Mazowe Secondary Clinic;ZW02;HJEvBCmpR3C;30.93087006;-17.61567
ZW020487;ZW0204;Shopo;ZW02;BXJNIljcB4y;31.19999;-17.02617
ZW020501;ZW0205;Dotito;ZW02;vVmQGytV5iT;31.5902195;-16.56878
ZW020502;ZW0205;Kamutsenzere;ZW02;ENpqUhT1fYg;31.7856102;-16.38361
ZW020503;ZW0205;Mukumbura;ZW02;kso4CHS6P7v;31.65189934;-16.20028
ZW020504;ZW0205;Nyamahobobo;ZW02;yubwlZ66a2P;31.88368988;-16.70283
ZW020505;ZW0205;Pfunyanguwo;ZW02;xeyqyhrEqJ9;31.90032959;-16.57581
ZW020506;ZW0205;Tsakare;ZW02;auaQozRIOLm;31.55611038;-16.82555
ZW020507;ZW0205;Mutungagore;ZW02;OnljtPLFl6a;31.52272034;-16.60139
ZW020508;ZW0205;Mutasa;ZW02;WrL273SAP43;31.61568;-16.4288
ZW020509;ZW0205;Chiburi ;ZW02;v2vaeAxaZMm;31.339;-16.7034
ZW02050A;ZW0205;Mt Darwin;ZW02;bVyRm1Ji34n;31.58872032;-16.77578
ZW02050B;ZW0205;Karanda;ZW02;nBHR2ZPXjOV;31.83955002;-16.65555
ZW020525;ZW0205;Chawanda;ZW02;I9r7N3wptXc;31.67015076;-16.61703
ZW020526;ZW0205;Kaitano;ZW02;D5gTnvm2lRc;31.55252075;-16.31861
ZW020527;ZW0205;Nembire;ZW02;GI0IFNWXS8a;31.50015068;-16.58956
ZW020528;ZW0205;Pachanza;ZW02;RXs4ee54yhG;31.7713604;-16.56711
ZW020529;ZW0205;Bveke;ZW02;Jp6UwiCCNTp;31.78725052;-16.56939
ZW020530;ZW0205;ZRP;ZW02;N6SOXv9F9sV;31.57672;-16.77998
ZW020531;ZW0205;Mt Darwin;ZW02;fLWLLyv4Y5o;31.5761;-16.7799
ZW020533;ZW0205;Bandimba;ZW02;vu1VRNXKPmX;31.85968;-16.36914
ZW020601;ZW0206;Mukosa;ZW02;KyBetKcK90J;32.65610123;-16.65855
ZW020602;ZW0206;Mukonde;ZW02;DOlQq1GB4v8;32.29872894;-16.61053
ZW020603;ZW0206;Nhawa;ZW02;XatZA7PFuMP;32.1656189;-16.57892
ZW020604;ZW0206;Rushinga;ZW02;njamIl8fT5g;32.02153015;-16.63225
ZW020606;ZW0206;Nyamatikiti;ZW02;rd5Uf966GNs;32.10972977;-16.73908
ZW020607;ZW0206;Chimandau;ZW02;qmaGE9Oq6kA;32.56536865;-16.65597
ZW02060B;ZW0206;Mary Mount;ZW02;JZXjde8nGqB;32.52962875;-16.67677
ZW020625;ZW0206;Bungwe;ZW02;pyGvDPF4vaL;32.0678215;-16.56635
ZW020626;ZW0206;Rusambo;ZW02;eopLbB9IjK6;32.18284988;-16.62985
ZW020627;ZW0206;Chimhanda;ZW02;Z3uUAktokIU;32.12905121;-16.63128
ZW020701;ZW0207;Nyamaruro;ZW02;tU6OmZQaPOr;31.41414;-16.9515
ZW020703;ZW0207;Chishapa;ZW02;wH0Gbj1nPrz;31.60021973;-17.20986
ZW020704;ZW0207;Goora;ZW02;eiOs4aU2yjI;31.51667023;-16.91667
ZW020705;ZW0207;Mupfurudzi;ZW02;SbxuBIpMpI0;31.6578;-16.9344
ZW02070A;ZW0207;Shamva;ZW02;blxFf086iZk;31.57016945;-17.32711
ZW02070B;ZW0207;Madziwa Rural Hospital;ZW02;jRiHpNfGlM7;31.53878021;-16.92558
ZW020712;ZW0207;Wadzanai;ZW02;GKtPGyT5u0Z;31.57036018;-17.30539
ZW020725;ZW0207;Chakonda;ZW02;WTACDqodL5z;31.60335922;-17.02592
ZW020726;ZW0207;Chidembo;ZW02;oauPRjbamz2;31.5668602;-17.08352
ZW020727;ZW0207;Chihuri;ZW02;M1bLJxP0KX6;31.55051994;-16.87733
ZW020728;ZW0207;Takawira;ZW02;dctbNHhtdAb;31.61624;-17.02528
ZW020776;ZW0207;Shamva Gold Mine;ZW02;v0iFLfLnhZu;31.56876946;-17.31627
ZW020777;ZW0207;Nyamaropa;ZW02;nyZPn26CoFt;31.51339;-17.04933
ZW020801;ZW0208;Masoka;ZW02;UJhT9GLgCuc;30.16666985;-16.16667
ZW020802;ZW0208;Masomo;ZW02;lcFNlE8AAkS;30.89067078;-16.31323
ZW02080B;ZW0208;Chitsungo;ZW02;a5nhOcrZJdL;30.55571938;-16.27722
ZW020820;ZW0208;Chapoto;ZW02;cR7Npl4ihAb;30.39763069;-15.70058
ZW020821;ZW0208;Angwa;ZW02;EDClzGRGLtD;30.30805969;-16.10195
ZW020830;ZW0208;Chikafa;ZW02;hJI1t61vx9V;30.56088066;-16.00798
ZW020831;ZW0208;Gonono;ZW02;HVtlH7H8abS;30.83333015;-16.08695
ZW020832;ZW0208;Musengezi Clinic;ZW02;Oz6p5RcJadO;31.11824989;-16.11073
ZW020833;ZW0208;Mahuwe;ZW02;bcTRZqn3n4R;30.73527908;-16.38389
ZW020834;ZW0208;Chirunya;ZW02;Kv7K3EAEDs8;30.61864;-16.34884
ZW020835;ZW0208;Nyambudzi;ZW02;ngymqKr33XI;30.5915;-16.08729
ZW020841;ZW0208;Chidodo;ZW02;Tt9lULArquT;31.05616951;-16.02513
ZW030101;ZW0301;Mufudziwakanaka;ZW03;XHTiVLFtZqs;31.60444069;-18.8415
ZW030102;ZW0301;Murezi;ZW03;iTfYEv5vhzX;31.05356026;-19.20133
ZW030103;ZW0301;Nyamhere;ZW03;XPk4JYUZeS1;31.00374985;-18.81919
ZW030105;ZW0301;ZRP;ZW03;Xj0WA3RP39z;30.88971;-19.02226
ZW030106;ZW0301;Chivu Prison;ZW03;nSAW8ByurST;30.89779;-19.01863
ZW030107;ZW0301;Musuma;ZW03;v93SBcv3pGc;31.51968956;-19.15311
ZW03010A;ZW0301;Chivhu;ZW03;OPxYB3sxLY9;30.9027195;-19.01814
ZW03010B;ZW0301;Nharira;ZW03;FYwRJcKqz7u;31.17119026;-19.07433
ZW03010C;ZW0301;Range;ZW03;jkdHKf3rDMq;31.00064087;-19.02097
ZW03010D;ZW0301;Sadza;ZW03;AZ9MMvkxJ5m;31.40797043;-18.83706
ZW03010E;ZW0301;Gandachibvuva;ZW03;qV7RnLkuF5g;31.43643951;-19.10203
ZW030125;ZW0301;Tavara;ZW03;BX0lrhmpmJS;30.71906;-18.80102
ZW030126;ZW0301;Gokomere;ZW03;gVxFHNoVz6h;31.35333061;-19.05353
ZW030127;ZW0301;Madamombe;ZW03;HvEGvesS9qA;31.10038948;-19.11844
ZW030128;ZW0301;Manyene ;ZW03;UWlAvJGXIFq;30.9954;-18.8642
ZW030129;ZW0301;Masasa;ZW03;zMWqMUxMT7E;31.25441933;-18.9075
ZW030130;ZW0301;Mbiru;ZW03;PHry0pvv7Xd;31.20158005;-18.95808
ZW030131;ZW0301;Mushipe;ZW03;rYxjnRpUUVH;31.68363953;-19.02072
ZW030132;ZW0301;Nhangabwe;ZW03;LlAXaPDxq6q;31.50555992;-18.85081
ZW030133;ZW0301;Popoteke;ZW03;yPuklv04aPn;31.52386093;-19.06781
ZW030134;ZW0301;Rutanhira;ZW03;UsYPWsQXGbg;31.41953087;-18.75014
ZW030135;ZW0301;Shumba;ZW03;zp9pKkYf6Wp;31.56767082;-18.92444
ZW030136;ZW0301;Unyetu;ZW03;zF8O9v4NbSA;31.30097008;-18.97331
ZW030137;ZW0301;Wazvaremaka;ZW03;SgPs0vNlPpn;31.23793983;-19.002
ZW030145;ZW0301;Chivhu;ZW03;QUME57YvrvB;30.90644073;-19.00511
ZW030146;ZW0301;Gandami;ZW03;U5aX0dFbY3W;31.26761055;-18.72261
ZW030147;ZW0301;Lancashire;ZW03;fEbetpqDByU;31.15356064;-19.18906
ZW030148;ZW0301;Mutoro;ZW03;ekbdtc8K62D;31.08382988;-18.85592
ZW030149;ZW0301;Wiltshire;ZW03;dNu7gRSOYDL;31.17144012;-18.87272
ZW030191;ZW0301;Daramombe;ZW03;AbmoDPp12lC;31.32369041;-19.10703
ZW030192;ZW0301;Mwerahari;ZW03;gnCAtjVM4jt;31.23664093;-19.05522
ZW030201;ZW0302;Bosha;ZW03;Lz1AbYU7hzv;31.55306053;-17.50075
ZW030202;ZW0302;Domboshava;ZW03;A6Zh7rdRYc6;31.13871956;-17.60214
ZW030203;ZW0302;Mwanza;ZW03;feUcANH6pxB;31.48681068;-17.76875
ZW030204;ZW0302;Rusununguko ;ZW03;cMGGgI1kcoa;31.4331;-17.9916
ZW030205;ZW0302;Goromonzi High ;ZW03;EzI6Ss6lDDC;31.3597;-17.8672
ZW03020A;ZW0302;Makumbe;ZW03;LUkaYUNEAWd;31.27318954;-17.54042
ZW03020C;ZW0302;Ruwa Rehab.;ZW03;pH4O4ZdhV53;31.23513985;-17.90167
ZW03020D;ZW0302;Chikwaka;ZW03;B7MCqlnt9c9;31.48586082;-17.55206
ZW030225;ZW0302;Chinamhora;ZW03;ojBxVwmGZz1;31.18456078;-17.57161
ZW030226;ZW0302;Chinyika;ZW03;GLitgBlY1o4;31.35627937;-17.83503
ZW030227;ZW0302;Kowoyo;ZW03;KCZ5VpGQhPY;31.48925018;-17.67219
ZW030228;ZW0302;Masukandoro;ZW03;sXUp7AuXmyD;31.15321922;-17.54042
ZW030229;ZW0302;Nyaure;ZW03;Z8GLhBou1nb;31.27144051;-17.62294
ZW030230;ZW0302;Pote;ZW03;l1hKpCwcy08;31.12093925;-17.57222
ZW030245;ZW0302;Bromley;ZW03;o11Z9SbhWy2;31.3212;-18.0801
ZW030246;ZW0302;Cranborne Clinic;ZW03;txD1TwpwsHW;31.20742035;-17.95506
ZW030247;ZW0302;John Reimer;ZW03;UHYe7uDKdy0;31.38442039;-17.72214
ZW030248;ZW0302;Kubatsirana;ZW03;jNap2n4Fp0y;31.37047005;-17.82031
ZW030249;ZW0302;Rusike;ZW03;SoB3qwqFglW;31.5182209;-17.87261
ZW030250;ZW0302;Ruwa ;ZW03;WY8QnZOhdzS;31.2377;-17.8902
ZW030251;ZW0302;Joan Rankini ;ZW03;rV7p7ulQYVL;31.3847;-17.7223
ZW030252;ZW0302;St Joseph's ;ZW03;Qe0frbRzvAu;31.1964;-17.7514
ZW030273;ZW0302;Ruwa ;ZW03;bI1tMUwxCTF;31.2418;-17.8966
ZW030274;ZW0302;Melfort ;ZW03;YcXtnxEmwyu;31.324;-17.9998
ZW030275;ZW0302;Acturus Mine;ZW03;Zdk9tV9SPmR;31.31681061;-17.788
ZW030276;ZW0302;Gejo raRuby;ZW03;kVejSam8zQX;31.3238;-17.7404
ZW030280;ZW0302;Chabwino Clinic;ZW03;;0;0
ZW030281;ZW0302;Xanadu;ZW03;;0;0
ZW030301;ZW0303;Kafura;ZW03;r5tDghDcwfn;32.25278091;-16.84306
ZW030302;ZW0303;Karimbika;ZW03;klKzBRhEkqX;32.01472092;-17.31306
ZW030303;ZW0303;Sowa ;ZW03;vUjMV9NBf7l;32.0993;-16.996
ZW030304;ZW0303;Marembera ;ZW03;yDyRCeplLTy;31.7067;-17.3899
ZW03030A;ZW0303;Mutawatawa;ZW03;x7PRZXUho2z;31.9738903;-17.12139
ZW030325;ZW0303;Borera;ZW03;dthDF4C3Sm3;31.97611046;-17.02083
ZW030326;ZW0303;Chikuhwa;ZW03;ACVRAzGDfqV;31.8404;-17.223
ZW030327;ZW0303;Chipfunde;ZW03;LHjVeJtFyO2;31.93416977;-17.22472
ZW030328;ZW0303;Chitimbe;ZW03;MD7xcLAvrRe;31.78360939;-17.45139
ZW030329;ZW0303;Chitsungo;ZW03;jSLNp76dXAv;32.07389069;-16.94528
ZW030330;ZW0303;Manyika;ZW03;CGPfx0JG2rZ;31.89611053;-17.36028
ZW030331;ZW0303;Maramba;ZW03;OHRuhvMjaio;31.98500061;-17.03667
ZW030332;ZW0303;Mashambanhaka;ZW03;Dn8LxB4ddA4;31.8225;-17.2751
ZW030333;ZW0303;Nhakiwa;ZW03;yLTF6bssNwa;31.80083084;-17.37111
ZW030334;ZW0303;Nyakasoro;ZW03;WdK3I5H1YIv;32.19194031;-16.9025
ZW030336;ZW0303;Nyanzou;ZW03;AdrZGzBHBdf;32.30472183;-16.78028
ZW030337;ZW0303;Muskwe;ZW03;GScNFtBXxLn;31.97639084;-17.40333
ZW030338;ZW0303;Dewe;ZW03;rf7X8GX6O7P;32.4641;-16.7837
ZW030339;ZW0303;Tsokodeka;ZW03;DlgvXgwJqJ7;0;0
ZW030340;ZW0303;Hombiro;ZW03;rpPjMCPbVId;0;0
ZW030391;ZW0303;Dindi;ZW03;qRWMwz2zOp2;32.08778;-16.88
ZW030401;ZW0304;Garaba;ZW03;AMeY6hXLpfJ;31.53463936;-18.7085
ZW030402;ZW0304;Goneso;ZW03;sQTDkxDALfD;31.90127945;-18.89328
ZW030403;ZW0304;Goto;ZW03;JmPNa09jErl;31.80672073;-18.72842
ZW030405;ZW0304;Sengezi;ZW03;YpyGnrByRlN;31.48711014;-18.74408
ZW030406;ZW0304;Gotora/Skimpton Clinic;ZW03;jvPwK9jlFjR;31.45557;-18.65151
ZW030407;ZW0304;Idube;ZW03;isHKFLO4HHq;31.52172;-18.50209
ZW030408;ZW0304;Sango ;ZW03;KlF4lvdXsZh;31.7505;-18.7824
ZW03040A;ZW0304;Wedza;ZW03;MZgVEwKjxI3;31.56722069;-18.62839
ZW03040B;ZW0304;Mt St Mary's;ZW03;MIIoWiLSVfi;31.6835804;-18.70842
ZW030425;ZW0304;Chigondo;ZW03;i6teuuckzzW;31.71972084;-18.85983
ZW030427;ZW0304;Mukamba;ZW03;RUbBKXlaAGF;31.82132912;-18.87653
ZW030445;ZW0304;Chikurumadziva;ZW03;Pe9vjw20foQ;31.91749954;-19.04894
ZW030446;ZW0304;Makarara;ZW03;O2TArDE6O3s;31.83481026;-19.02697
ZW030447;ZW0304;Zvidhuri;ZW03;fS3cTGFoLZ0;31.72294044;-18.96144
ZW030501;ZW0305;Border Church;ZW03;mfbKAvsWhd6;31.34056091;-18.23686
ZW030502;ZW0305;Chimbwanda;ZW03;NF7mpu2EvNX;31.15019035;-18.40128
ZW030503;ZW0305;Dimbiti;ZW03;fQUGtsR81lp;31.78936005;-18.38519
ZW030504;ZW0305;Kushinga Phikelela;ZW03;qEnOAb2ngj2;31.6699;-18.1544
ZW030505;ZW0305;Mudzimuirema;ZW03;xDCT70uOXUQ;31.09005928;-18.28439
ZW030506;ZW0305;Wenimbe;ZW03;M4GcIA6G5Yf;31.79039001;-18.23633
ZW03050A;ZW0305;Marondera Provincial Hospital;ZW03;zrEeu5PasDm;31.53450012;-18.20553
ZW03050B;ZW0305;Chiota;ZW03;nk2lS02CIvE;31.2404995;-18.32094
ZW03050C;ZW0305;Mahusekwa District Hospital;ZW03;QHPjyQCdaZ1;31.54143906;-18.18464
ZW030511;ZW0305;ZPS Marondera Prison Clinic ;ZW03;zjRZGEq6H2c;31.43256;-18.18013
ZW030512;ZW0305;ZRP;ZW03;O6kzhSbPx0o;31.55904;-18.18789
ZW030513;ZW0305;Ridigita Farm Prison Clinic;ZW03;BKZmRVJ0K9V;31.5133;-18.3724
ZW030525;ZW0305;Masikana;ZW03;trTCqAUZngw;31.68660927;-18.35392
ZW030528;ZW0305;Marondera Rural Council Clinic;ZW03;lxK3LLA9aLc;31.5907;-18.1566
ZW030529;ZW0305;Chiparawe;ZW03;SzXvLdD2rg2;31.63982964;-18.00653
ZW030545;ZW0305;Igava;ZW03;oEwopIvfS15;31.62410927;-18.46728
ZW030561;ZW0305;Dombotombo;ZW03;YZuS9BT4pKu;31.56706047;-18.18722
ZW030562;ZW0305;Nyameni;ZW03;nRSfosZwTju;31.54143906;-18.20611
ZW030563;ZW0305;Nyembanzvere;ZW03;P0jm09rHVzC;31.13047;-18.21594
ZW030564;ZW0305;Lustliegh;ZW03;B35nVDlj7GY;31.38554;-18.433
ZW030586;ZW0305;Waddilove ;ZW03;xWpVDFqwfs9;31.3857;-18.2567
ZW030588;ZW0305;Rakodzi ;ZW03;AKCixQDIf0K;31.6062;-18.1825
ZW030601;ZW0306;Chimukoko;ZW03;w91Pdaoyw6t;32.50730896;-16.96742
ZW030602;ZW0306;Chiunye;ZW03;sNXjwi7ELPe;32.28713989;-17.00475
ZW030603;ZW0306;Gozi;ZW03;yMtK3S8nhQo;32.86700058;-17.18619
ZW030604;ZW0306;Kondo;ZW03;ga4R0LVpMQZ;32.65636063;-16.90114
ZW030605;ZW0306;Makaha;ZW03;ZwYyO4TGfWH;32.62403107;-17.28722
ZW030606;ZW0306;Masarakufa;ZW03;Xkfoiswgpb9;32.57027817;-17.03969
ZW030607;ZW0306;Nyamanyora;ZW03;dMek5b21Mr7;32.50497055;-16.87269
ZW03060A;ZW0306;Kotwa;ZW03;z4SzUXzBpKF;32.66936111;-16.98928
ZW030625;ZW0306;St. Pius;ZW03;Uzc69lvByvk;32.80596924;-16.75703
ZW030626;ZW0306;Kapotesa;ZW03;Xydb813pfZQ;32.75218964;-17.01956
ZW030627;ZW0306;Kotwa;ZW03;eANtdLc9zeW;32.67282867;-17.00811
ZW030628;ZW0306;Masenda;ZW03;ZPOAwzV6LOI;32.25447083;-17.10814
ZW030629;ZW0306;Nyamapanda;ZW03;DvigEFxkVl1;32.86571884;-16.96828
ZW030630;ZW0306;Nyamatawa;ZW03;Sj0rbpas8DA;32.65531158;-17.20389
ZW030631;ZW0306;Nyamukoho;ZW03;x8erRQoNuQe;32.31850052;-17.07097
ZW030632;ZW0306;Shinga;ZW03;AI3PYYYx61D;32.4394989;-17.00806
ZW030633;ZW0306;Suswe;ZW03;A07DDnPfVPy;32.40539169;-17.17456
ZW030634;ZW0306;Chisvo;ZW03;atzPnwnfKwM;32.35824966;-16.95819
ZW030691;ZW0306;Chikwizo;ZW03;e95WT3Di3Ae;32.78955841;-17.20656
ZW030692;ZW0306;Dendera;ZW03;a1nC2XuGpY0;32.7207489;-16.95756
ZW030693;ZW0306;Nyahuku;ZW03;DZPVGzfLY1Y;32.88816834;-16.81739
ZW030701;ZW0307;Chitate;ZW03;yHaKCyV8Bd5;31.88652992;-17.67478
ZW030703;ZW0307;Jekwa;ZW03;SteTta0wB61;32.08956146;-17.75797
ZW030704;ZW0307;Kadenge ;ZW03;WnPhXXKOpLq;31.7797;-17.8838
ZW030705;ZW0307;Madamombe;ZW03;TwQ48A8hBre;31.65402985;-17.47419
ZW030706;ZW0307;Munamba;ZW03;QJpvYebxudy;31.59078026;-17.89122
ZW030707;ZW0307;Murehwa;ZW03;JW2LQmwyzs4;31.789;-17.6546
ZW030708;ZW0307;Prison;ZW03;GiVFEv4yPaN;31.7877;-17.65589
ZW03070A;ZW0307;Murewa;ZW03;sCYa4AlPTb9;31.78763962;-17.65783
ZW03070B;ZW0307;St Pauls Musami;ZW03;GRyNGyhYYmi;31.5858593;-17.75058
ZW03070C;ZW0307;Nhowe;ZW03;KgmA6MdMtFY;31.94075012;-17.85256
ZW030722;ZW0307;Murewa ;ZW03;EW1W9dgRyOa;31.7801;-17.6415
ZW030723;ZW0307;Chitowa 1;ZW03;bM0W5COOBgn;31.8661;-17.5234
ZW030724;ZW0307;Chitowa 2 ;ZW03;pb9OlYzcpDj;31.9116;-17.5988
ZW030725;ZW0307;Dandara;ZW03;nWhYVNm0WBU;31.68605995;-17.50764
ZW030726;ZW0307;Dombwe ;ZW03;XUeDZQc29Ce;31.9716;-17.7698
ZW030727;ZW0307;Kadzere;ZW03;jGH2r8SpBR1;31.73699951;-17.78822
ZW030728;ZW0307;Nyamutumbu;ZW03;cD95jTscQmY;31.61743927;-17.62108
ZW030729;ZW0307;Shambamuto;ZW03;PewheyywlnB;31.63931084;-17.87231
ZW030730;ZW0307;Craiglea;ZW03;CijX89n5eHh;31.82746;-17.96305
ZW030731;ZW0307;Matututu ;ZW03;ZhCfNcrOPZb;31.7366;-17.4807
ZW030732;ZW0307;Ngwerume;ZW03;r5kFjZtm6fX;31.69831;-17.58456
ZW030745;ZW0307;Macheke;ZW03;hzPUNLSAcny;31.85560989;-18.15306
ZW030746;ZW0307;Virginia Clinic;ZW03;mG2ONKeQCOH;32.0907;-17.8553
ZW030747;ZW0307;Waterloo;ZW03;NOekVWNaW3O;31.93400002;-17.88836
ZW030748;ZW0307;Welcome Home Liden;ZW03;B7lz3ZdJEhH;31.80101;-18.10296
ZW030749;ZW0307;Kambarami ;ZW03;t7hkFBKLoGo;31.7326;-17.6268
ZW030750;ZW0307;Muchinjike ;ZW03;rVVyFuRAfpN;31.7346;-17.5402
ZW030771;ZW0307;Nehoreka;ZW03;p1T8lmKy3fI;31.58967;-17.76112
ZW030772;ZW0307;Goso;ZW03;uI3m539OPHe;31.78155;-17.55378
ZW030801;ZW0308;Hoyuyu 1;ZW03;NPo39PNvxY0;32.15555954;-17.56853
ZW030802;ZW0308;Hoyuyu 2;ZW03;WodUaeT9wjB;32.25149918;-17.76861
ZW030803;ZW0308;Kapondoro;ZW03;JFNNch7ZJVN;32.48;-17.3735
ZW030804;ZW0308;Katsukunya;ZW03;p1v1QU4KQSj;32.15468979;-17.40781
ZW030805;ZW0308;Kawewe;ZW03;NgikWvqYEkx;32.35289001;-17.21972
ZW030806;ZW0308;Mushimbo;ZW03;x44HsR9Qq1X;32.3947;-17.4282
ZW030807;ZW0308;Nyamuzizi;ZW03;ZhMnTpPHQkP;32.35602951;-17.63819
ZW030808;ZW0308;Nyadire Resettlement;ZW03;cCdp294NXnX;31.96282;-17.49227
ZW030809;ZW0308;Kushinga;ZW03;Nr9PnOvHJ5C;32.02027893;-17.62114
ZW03080A;ZW0308;Mutoko;ZW03;Wihdkhi7Aah;32.23860931;-17.42342
ZW03080B;ZW0308;Nyamuzuwe;ZW03;ibnZnbDrE09;32.25418854;-17.25403
ZW03080C;ZW0308;Makosa;ZW03;sy4K8oabHGL;32.47161102;-17.26753
ZW03080D;ZW0308;Nyadire ;ZW03;NmP3Phb5kXi;32.025;-17.422
ZW03080E;ZW0308;Louisa Guidotte;ZW03;AnhuqtGQXU9;32.38985825;-17.35572
ZW030810;ZW0308;Nzira;ZW03;SuZnhJW4o8e;32.13711166;-17.66817
ZW030811;ZW0308;Mutoko ;ZW03;yXDxPkj2VjH;32.2192;-17.4088
ZW030812;ZW0308;Chikondoma;ZW03;fqKerAPQHlY;32.2507;-17.39984
ZW030814;ZW0308;Chidye;ZW03;wucRLEdDKSm;32.62211;-17.45294
ZW030815;ZW0308;Madimutsa;ZW03;xyi6WrBmW9s;32.31187;-17.14878
ZW030825;ZW0308;Charewa;ZW03;D4WpAh9SgYH;32.15361023;-17.17356
ZW030826;ZW0308;Matedza;ZW03;UkLrjAdBsmV;32.43708038;-17.55014
ZW030827;ZW0308;Mother of Peace;ZW03;VdDV1ffFXiF;32.27;-17.4119
ZW030861;ZW0308;Mutemwa Lep.;ZW03;MejHuw2wWXV;32.25355911;-17.41978
ZW030891;ZW0308;Chindenga;ZW03;ER8MCtyWYI5;32.10519028;-17.23619
ZW030898;ZW0308;Kowo ;ZW03;KzoyRcQSBbJ;32.3095;-17.2546
ZW030899;ZW0308;Kawazva;ZW03;NHj26zCwsmI;32.26708;-17.17914
ZW0308RGM;ZW0903;RGM Airport;ZW09;;0;0
ZW030901;ZW0309;Acton Ronolds;ZW03;OFfbxvItnX5;31.03853035;-18.35294
ZW030902;ZW0309;Zhakata ;ZW03;erjaP6iGLO9;31.2097;-18.1457
ZW030903;ZW0309;Z.R.P. Seke CLINIC;ZW03;fZoVqfNG9Dg;31.1103;-18.0169
ZW030904;ZW0309;Ringa;ZW03;LEDVQ0Hpzsw;30.95043945;-18.48839
ZW030905;ZW0309;Masasa;ZW03;Abmo1sONk9G;31.10333061;-18.41806
ZW03090A;ZW0309;Beatrice;ZW03;HzsCdzycH81;30.85577965;-18.25661
ZW03090B;ZW0309;Kunaka;ZW03;oDRIn1TRJQ5;31.2219696;-18.07236
ZW030921;ZW0309;Charakupa;ZW03;cuaFWOVyBcF;31.33643913;-18.17086
ZW030922;ZW0309;Jonasi;ZW03;dinMl4eP4Nu;31.13467026;-18.05411
ZW030923;ZW0309;Makanyazingwa;ZW03;uAnfaRYyxmn;31.40163994;-18.20086
ZW030924;ZW0309;Marirangwe ;ZW03;d36D8bX616g;30.8036;-18.0727
ZW030925;ZW0309;Muda;ZW03;MCTrOJalFxg;31.01985931;-18.29
ZW030926;ZW0309;Epworth Polyclinic ;ZW03;GN8ay9yoERu;31.1395;-17.8994
ZW030983;ZW0309;Derbyshire;ZW03;L3bhMDQZ8l6;31.03632927;-17.95647
ZW030984;ZW0309;Lanark;ZW03;K8JHQUQfuae;30.90024948;-18.06819
ZW040101;ZW0401;Chibero;ZW04;NnqNcMDpUNY;30.6613903;-18.09583
ZW040102;ZW0401;Gora;ZW04;pr3OA2Snlps;30.72999954;-18.42417
ZW040103;ZW0401;Mbuyanehanda;ZW04;Xx2vto5TcJv;30.21582985;-17.92139
ZW040104;ZW0401;Monera;ZW04;QqSkHt2vLvl;30.73193932;-18.11389
ZW040105;ZW0401;Msengezi;ZW04;RjVkEZqu46z;30.10250092;-17.94944
ZW040106;ZW0401;Musinami;ZW04;SDh1YVOVccE;30.49888992;-18.30306
ZW04010B;ZW0401;Mhondoro;ZW04;Bptnjxo6m5A;30.5886097;-18.31833
ZW04010C;ZW0401;Norton;ZW04;Nooh15bzo4O;30.6875;-17.88694
ZW040125;ZW0401;Chikara;ZW04;WWbdpFMcvjZ;30.70000076;-18.47028
ZW040126;ZW0401;Chivero;ZW04;HveAeV6CvrV;30.60416985;-18.17944
ZW040127;ZW0401;Mhondoro North;ZW04;OiOTmgg2IYI;30.69388962;-18.16944
ZW040128;ZW0401;Mupawose;ZW04;cfjk1dGjdlQ;30.50250053;-18.48056
ZW040129;ZW0401;Rwizi;ZW04;m8GBz4K50XD;30.63055992;-18.44833
ZW040130;ZW0401;Watyoka;ZW04;pHfYf2HeLON;30.68638992;-18.32444
ZW040145;ZW0401;Chegutu Clinic;ZW04;MzKUnHQrIAV;30.14555931;-18.13611
ZW040146;ZW0401;Dombwe Clinic;ZW04;Jo89evshx8A;30.28083038;-17.94361
ZW040147;ZW0401;Katangautano;ZW04;CVszPWzF4WE;30.66832924;-17.8825
ZW040148;ZW0401;Sandringham;ZW04;LeZgvBMv6xR;30.66167068;-18.08361
ZW040149;ZW0401;Selous;ZW04;vT5oaS4TOdg;30.44861031;-18.06861
ZW040151;ZW0401;David Whitehead;ZW04;UPtK34fA6GZ;30.12888908;-18.14167
ZW040152;ZW0401;Hunyani;ZW04;F3kdWqiKhDN;30.70000076;-17.85778
ZW040161;ZW0401;Pfupajena;ZW04;Ntr6VH1qAJl;30.13582993;-18.12444
ZW040162;ZW0401;Chinengundu;ZW04;YrLclGGTdJa;30.1426;-18.121
ZW040176;ZW0401;ZMDC;ZW04;B0siCMc82Xc;30.1344;-18.0228
ZW040177;ZW0401;Lizmore;ZW04;ZmsUGq7jdPX;29.96793;-18.02337
ZW040178;ZW0401;Homedale;ZW04;sWjKyzkChj3;30.48453;-18.1878
ZW040179;ZW0401;Mafuti;ZW04;fy4iRoRcrth;30.2804;-18.2996
ZW040180;ZW0401;Brunswick;ZW04;qAj4FeHrhCb;30.04442;-18.22281
ZW040183;ZW0401;Suri-Suri;ZW04;lMf3rJ8V2pE;29.97694016;-18.15806
ZW040184;ZW0401;Chegutu District Hospital;ZW04;rrwRWdBIu4E;30.14944077;-18.12861
ZW040189;ZW0401;Padre Pio Poly;ZW04;;0;0
ZW040191;ZW0401;Danangwe Clinic;ZW04;;0;0
ZW040201;ZW0402;Chirundu;ZW04;KMhDzcwtcEi;28.86055946;-16.04389
ZW040202;ZW0402;Chivende;ZW04;tNooDwYWdaJ;29.34943962;-17.31583
ZW040203;ZW0402;Deve;ZW04;fYXmY87UqtV;29.03146;-17.02504
ZW040205;ZW0402;Masanga;ZW04;AWivwhWkNzl;29.22999954;-16.73611
ZW040206;ZW0402;Zvipani;ZW04;Y7BYSQJ5MLz;29.21027946;-16.98306
ZW040207;ZW0402;Zebra Downs;ZW04;E0AFzQNcapu;29.8291;-16.8509
ZW04020A;ZW0402;Karoi;ZW04;HweUoYPqEPm;29.68778038;-16.81528
ZW04020B;ZW0402;Hurungwe Rural Hospital;ZW04;;0;0
ZW04020C;ZW0402;Mwami;ZW04;feg23tKkoKy;29.7761097;-16.67167
ZW04020D;ZW0402;Chidamoyo;ZW04;UcJKVyyylMH;29.19194031;-17.14833
ZW040225;ZW0402;Chinhere;ZW04;F2zPzFu25FX;29.43693924;-17.21556
ZW040226;ZW0402;Chundu;ZW04;UzwlH9DKyqL;29.64249992;-16.39278
ZW040227;ZW0402;Kazangarare;ZW04;XEOVqP1R0dh;29.83555985;-16.55917
ZW040228;ZW0402;Nyamakaze;ZW04;KnvPyJl7vp5;29.43638992;-16.40389
ZW040229;ZW0402;Nyamhunga;ZW04;eEfUA9ZxG6Q;29.19528008;-16.885
ZW040245;ZW0402;Hewiyai;ZW04;ptcT8WoVLbG;29.67388916;-16.56972
ZW040246;ZW0402;Hesketh;ZW04;ncSavEEyOvs;29.53778076;-16.86944
ZW040247;ZW0402;Mashongwe;ZW04;Gc1X3NYyk9O;29.54166985;-16.44056
ZW040248;ZW0402;Nyangoma;ZW04;HSKwN9sUvmt;29.92667007;-16.86639
ZW040249;ZW0402;Tenewe;ZW04;vI1Kf4HOQla;29.61166954;-17.29056
ZW040275;ZW0402;Lynx;ZW04;J9WafyyWlop;29.45083046;-16.59806
ZW040291;ZW0402;Kapfunde;ZW04;f68QKUNRmhY;29.40833092;-17.06583
ZW040294;ZW0402;Kasimube;ZW04;AsmK5WOEVFv;29.87722015;-17.03111
ZW040295;ZW0402;Karuru;ZW04;ZkAUz0ZfGXn;29.6427803;-16.47806
ZW040296;ZW0402;Dete;ZW04;HWM12v0UAX6;29.94249916;-16.50056
ZW040297;ZW0402;Lan lorry;ZW04;jQkd7s1bI5s;29.46661;-16.75765
ZW040298;ZW0402;ZRP Karoi;ZW04;aG3e8vLBDp8;29.6829;-16.8175
ZW040299;ZW0402;Doro;ZW04;zyhGiUplloV;29.35702;-16.71696
ZW0402OB;ZW0402;Hurungwe Rural Hospital;ZW04;;0;0
ZW040302;ZW0403;Dondoshava;ZW04;pggK8xtOWkp;30.59693909;-18.68278
ZW040303;ZW0403;Donain;ZW04;gn52LwHeWA6;29.62888908;-18.50778
ZW040305;ZW0403;Jompani;ZW04;G57fVB65L2O;29.44861031;-18.06917
ZW040306;ZW0403;Jondale Bumbe Rural Health Centre;ZW04;cAMje9pQE3E;30.41666985;-18.59389
ZW040307;ZW0403;ZPS Kadoma Prison Clinic;ZW04;GxXp62pvGkn;29.87556076;-18.38917
ZW040308;ZW0403;Muzvezve;ZW04;ueC0VR439jb;30.58250046;-18.54444
ZW040309;ZW0403;Nyabango;ZW04;DKq7C6J9P60;29.52721977;-17.85306
ZW04030A;ZW0403;Kadoma General Hospital;ZW04;fpOZUI5rEff;29.9116706848;-18.33083
ZW04030B;ZW0403;Ngezi (mhondoro) Rural Hospital;ZW04;ysPngdiDqUX;30.63249969;-18.65417
ZW04030C;ZW0403;Sanyati Mission Hospital;ZW04;mM1Xp7OSsOv;29.30916977;-17.95278
ZW04030D;ZW0403;St Michael's Mission Hospital;ZW04;fxFr4twqaIm;30.67889023;-18.56667
ZW04030E;ZW0403;Battlefields5 Brigade Army Clinic;ZW04;qNA0WCicGW3;29.90583038;-18.62444
ZW040310;ZW0403;Nyamatani;ZW04;GG5fmAKKfw4;29.53471947;-18.19917
ZW040311;ZW0403;Vere;ZW04;fmMgkv25D5z;29.3525;-18.0937
ZW040315;ZW0403;Manyoni;ZW04;BemKVece1hq;30.46833038;-18.8175
ZW040316;ZW0403;Chemukute;ZW04;WEEMtqVtHT7;29.9796;-18.317
ZW040317;ZW0403;Twin Tops;ZW04;gWE3zAl8pbe;30.10364;-18.58832
ZW040318;ZW0403;Chingondo;ZW04;xSEU0kfcYUB;30.35557;-18.44847
ZW040320;ZW0403;Black Movale;ZW04;rs48hsAHBof;29.87599;-17.94313
ZW040321;ZW0403;Nyaonde;ZW04;knjK07tin6v;29.43693924;-17.73222
ZW040322;ZW0403;Mukarati;ZW04;ldOvhQ2kYsi;30.48917007;-18.55667
ZW040325;ZW0403;Bururu;ZW04;ggbM4q0E7FM;30.49056053;-18.69722
ZW040326;ZW0403;Chirikiti RDC Clinic;ZW04;Wy34Zk2to8H;29.42056084;-17.97611
ZW040327;ZW0403;Manyewe;ZW04;gro8cEQCXu8;30.52305985;-18.60722
ZW040328;ZW0403;Murambwa;ZW04;geW8p2ssd3n;30.72167015;-18.58333
ZW040329;ZW0403;Muuyu;ZW04;mmV7mnyIlXG;29.49193954;-17.94722
ZW040330;ZW0403;Sanyati RDC Clinic;ZW04;iyiMmbaIa08;29.24333;-17.99083
ZW040346;ZW0403;Ordoff;ZW04;daBCGmAg9r8;29.84749985;-18.28083
ZW040348;ZW0403;Turf Estate RDC Clinic;ZW04;Ml25Hu7FAPO;30.27693939;-18.67639
ZW040361;ZW0403;Rimuka;ZW04;QUKQlheaguk;29.893;-18.3458
ZW040362;ZW0403;Waverly;ZW04;vTet0yGknw8;29.9191;-18.34768
ZW040363;ZW0403;Ngezi Municipal Clinic;ZW04;dizbbt1c58H;29.85972023;-18.37889
ZW040377;ZW0403;Golden Valley;ZW04;kDHBO9DwrmJ;29.7930603;-18.22306
ZW040379;ZW0403;Patchway Mine;ZW04;GdlWakJtoRZ;29.8003;-18.2305
ZW040381;ZW0403;Jairos Jiri;ZW04;OO9JaMzwvJn;29.87825;-18.34778
ZW040384;ZW0403;Mafindifindi;ZW04;aIPqoEQQZu9;30.51416969;-18.74611
ZW040389;ZW0403;Chakari;ZW04;V91qrg6c0yU;29.84527969;-18.07833
ZW040402;ZW0404;Gatse Gatse;ZW04;wRdT8kS44sr;28.86027908;-16.78361
ZW040403;ZW0404;Kanyati;ZW04;UxQucFI6E3p;28.99527931;-16.91528
ZW040404;ZW0404;Mola;ZW04;DOhScLRYKX2;28.29861069;-16.92611
ZW040405;ZW0404;Negande;ZW04;XzL8xx0lbDy;28.24110985;-17.19278
ZW04040A;ZW0404;Kariba;ZW04;EBfmC3oJ5sM;28.79166985;-16.52028
ZW040425;ZW0404;Chalala;ZW04;rC7i1uDARQP;28.30027962;-16.84167
ZW040427;ZW0404;Msampakaruma;ZW04;lS5KthlM5eO;28.7677803;-17.15861
ZW040428;ZW0404;Siakobvu;ZW04;XwwBXUiEqLF;28.36417007;-17.13111
ZW040461;ZW0404;Nyamhunga;ZW04;JMz01Ql0U1E;28.84832954;-16.51806
ZW040462;ZW0404;Mahombekombe;ZW04;SxToMjJJz68;28.75806046;-16.52611
ZW040463;ZW0404;Kasvisva;ZW04;t3EseaHV0b5;28.50133;-17.22925
ZW040464;ZW0404;Mayovhe;ZW04;mbVEXm82AwL;28.18771;-17.02508
ZW040501;ZW0405;Chinhoyi Prison Clinic;ZW04;J6htfyEOgkh;30.19744;-17.36109
ZW040502;ZW0405;Chinhoyi ZRP Camp Clinic;ZW04;xfXOVtAcjHn;30.17167;-17.35684
ZW040503;ZW0405;Chinhoyi University Clinic;ZW04;rZD7HDCc67F;30.20806;-17.34913
ZW040505;ZW0405;Kamonde;ZW04;i7f92RTlyom;29.35861015;-17.47306
ZW040506;ZW0405;Kenzamba;ZW04;NG4e4layZjo;29.60499954;-17.47306
ZW040507;ZW0405;Murereka;ZW04;FKhAJhXjzhx;30.02639008;-17.27556
ZW040508;ZW0405;Zumbara;ZW04;w5gb3klCYji;29.88138962;-17.67361
ZW040509;ZW0405;Godzi;ZW04;ooSFsGF2dJY;29.52222061;-17.61778
ZW04050A;ZW0405;Chinhoyi P.H;ZW04;BP0IGornqbn;30.20889091;-17.36222
ZW04050B;ZW0405;St. Rupets;ZW04;toCuAvEIFtG;29.69277954;-17.76917
ZW04050D;ZW0405;Makonde Christ Hosp;ZW04;TUce5qd0i8U;30.16444016;-16.89194
ZW040510;ZW0405;River Ranch;ZW04;YmvLtM3DznO;29.99041;-16.99737
ZW040512;ZW0405;Gudubu;ZW04;IsRIVwWXtQK;30.0577;-16.9298
ZW040525;ZW0405;Hombwe;ZW04;K7zbR9jRGTu;29.77916908;-17.69417
ZW040526;ZW0405;Mukohwe;ZW04;LpQK3Eec8Ay;29.81082916;-17.81028
ZW040527;ZW0405;Obva;ZW04;qLpKVzFktN7;29.50638962;-17.53444
ZW040545;ZW0405;Doma;ZW04;yVBotWcHbOu;30.24221992;-16.75889
ZW040547;ZW0405;Matorangera;ZW04;XkuKaxtXv8w;30.11194038;-17.56833
ZW040548;ZW0405;Umboe;ZW04;VKTZGYgvGbX;30.18333054;-17.0475
ZW040562;ZW0405;Chikonohono;ZW04;cfYVFtLReGT;30.19444084;-17.39
ZW040575;ZW0405;Alaska;ZW04;udWpiurZMVp;30.06749916;-17.37389
ZW040578;ZW0405;Kosana;ZW04;wYA3w30yssa;30.21389008;-16.66722
ZW040580;ZW0405;PSZ Private Clinic;ZW04;v8hbbEXJulE;30.20319;-17.36414
ZW040581;ZW0405;Green Valley;ZW04;d3VmuOC7Mz5;30.15505;-16.68228
ZW040601;ZW0406;Chivhere;ZW04;Xh1S0QX9HWx;30.03055954;-17.66528
ZW040602;ZW0406;Gwebi;ZW04;nqtw8QgNOtK;30.85832977;-17.67694
ZW04060C;ZW0406;Darwendale;ZW04;kvq5cN02EHW;30.54888916;-17.72028
ZW04060D;ZW0406;Raffingora;ZW04;x66hV0UrQCG;30.43055916;-17.03694
ZW04060E;ZW0406;Father Onea;ZW04;dfpYezH6cH6;30.38611031;-17.79944
ZW04060F;ZW0406;Mutorashanga;ZW04;aMFd7hYaHSk;30.67638969;-17.14667
ZW04060G;ZW0406;Zvimba;ZW04;b9vsXIKqid1;30.19889069;-17.69917
ZW040625;ZW0406;Masiyarwa;ZW04;K1kK9fDmd7v;30.32999992;-17.81111
ZW040626;ZW0406;Chirau;ZW04;sdN3U9AOEpk;30.1241703;-17.68167
ZW040627;ZW0406;Jari;ZW04;w3EePaVqKMz;30.03360939;-17.73194
ZW040641;ZW0406;ARDA Sisi;ZW04;mmuli7uwAPQ;30.42028046;-16.89056
ZW040642;ZW0406;Ayrshire;ZW04;s8hVhOA5Ibt;30.43861008;-17.03944
ZW040643;ZW0406;Kutama;ZW04;ZzxlAv1BO5j;30.42000008;-17.73944
ZW040644;ZW0406;Kuwadzana;ZW04;AlhbuXhG77V;30.39472008;-17.37639
ZW040646;ZW0406;Nyabira RDC Clinic;ZW04;X8QsJGkQVdg;30.8116703;-17.67361
ZW040647;ZW0406;TRBC;ZW04;O3FM4meFqdP;30.33333015;-17.58389
ZW040648;ZW0406;Trelawney;ZW04;EJGMNgSreZS;30.45889091;-17.54139
ZW040649;ZW0406;Zowa;ZW04;aWhygv9Wr7a;30.04972076;-17.805
ZW040676;ZW0406;Muriel;ZW04;Zv0OMYQpKGo;30.60000038;-17.24556
ZW040677;ZW0406;Sutton;ZW04;NfsQQEiohAb;30.59277916;-17.40056
ZW040678;ZW0406;Vanad;ZW04;AHUpXALQka8;30.71833038;-17.08694
ZW040679;ZW0406;Kemurara;ZW04;uFImSWuEJ2P;30.11608;-17.7538
ZW040681;ZW0406;Inkomo;ZW04;LCqojzkIKO4;30.71833038;-17.67083
ZW040682;ZW0406;Crest Breeders;ZW04;rAUXsauSfFh;30.94111061;-17.94139
ZW040683;ZW0406;Mpinga Clinic;ZW04;bFCxwAuThTm;30.56607;-17.50907
ZW040687;ZW0406;ZIMPAM;ZW04;OBGRRromwaH;30.50917053;-17.84139
ZW050102;ZW0501;Lubimbi;ZW05;HXHPwUjXD8A;27.19194031;-17.94944
ZW050103;ZW0501;Lusulu;ZW05;rBTEnsD0X8Z;27.86222076;-18.06833
ZW050104;ZW0501;Muchesu;ZW05;BonXdPEgO3t;27.68917084;-17.94778
ZW050105;ZW0501;Siansundu;ZW05;acQe3id5m7a;27.21916962;-17.98333
ZW050108;ZW0501;Chinego;ZW05;LTtUPlsg8Yd;28.07500076;-17.19472
ZW05010A;ZW0501;Binga;ZW05;miYTD7Z89qM;27.32666969;-17.63944
ZW05010B;ZW0501;Siabuwa;ZW05;MukdpNMa0wO;28.04389;-17.47472
ZW05010C;ZW0501;Kariangwe;ZW05;hHheqUpfla0;27.53499985;-17.96972
ZW050125;ZW0501;Pashu;ZW05;EqD2xssNXGE;27.40056038;-18.20806
ZW050190;ZW0501;Tinde;ZW05;lj1GfhHdZjV;27.18206;-18.26125
ZW050191;ZW0501;Sinakoma;ZW05;A925fAGWY0M;27.60401;-17.69109
ZW050192;ZW0501;Simatelele;ZW05;OExCvkJ9VkG;27.25738;-17.78883
ZW050193;ZW0501;Sinasengwe;ZW05;V40fJlBGl5l;27.8232;-17.5689
ZW050194;ZW0501;Siabuzuba;ZW05;ETm6n9STB4U;27.4339;-17.6948
ZW050201;ZW0502;Lukala;ZW05;QRmrW2KSw7E;28.41222;-19.26389
ZW050202;ZW0502;Mbembeswana;ZW05;AluwtlpghNX;28.40193939;-19.33056
ZW05020A;ZW0502;Inyathi;ZW05;DhKzAnRliZz;28.85610962;-19.685
ZW050226;ZW0502;Sicanda;ZW05;yOPB5Y4iGLD;28.47528076;-19.33583
ZW050227;ZW0502;Balanda;ZW05;BWHB0AClSm2;28.5154;-19.4522
ZW050228;ZW0502;Majiji;ZW05;pDNRL1m5sJd;28.3468;-19.3774
ZW050230;ZW0502;Mdutshane;ZW05;GP77AVs6oLi;28.63129;-19.47221
ZW050232;ZW0502;Raafs;ZW05;KkRJZlMtmZz;28.6463;-19.8848
ZW050256;ZW0502;Isabella Mine;ZW05;mWDhu5xtTrE;28.54944038;-19.46111
ZW050301;ZW0503;Chisuma;ZW05;wDtbGPatTno;25.95471954;-18.01361
ZW050302;ZW0503;Jambezi;ZW05;AvldN9Anc7S;26.22750092;-18.05222
ZW050303;ZW0503;Kanywambizi;ZW05;a7pO3OO3I52;26.31110954;-18.01694
ZW050304;ZW0503;Makwandara;ZW05;ZF4DBQE21YK;27.20055962;-18.31722
ZW050305;ZW0503;Mwemba;ZW05;r9yhzcMuDa7;26.56056023;-18.18333
ZW05030A;ZW0503;Victoria Falls;ZW05;fnTUcLvSFv6;25.82611084;-17.94389
ZW05030B;ZW0503;Lukosi;ZW05;rprerQGVIlD;26.62778091;-18.36056
ZW05030D;ZW0503;Hwange Colliery Hospital;ZW05;E54XNunYxiM;26.5022;-18.3582
ZW050326;ZW0503;Dete;ZW05;aq8MAvUpdWn;26.86778069;-18.61583
ZW050327;ZW0503;Dinde;ZW05;DxYCdFYiA2M;26.73749924;-18.38
ZW050330;ZW0503;Lupote;ZW05;H6XDX82MnK3;26.96417046;-18.51278
ZW050331;ZW0503;Main Camp.;ZW05;WuPQlo8ThPp;26.95222092;-18.73167
ZW050332;ZW0503;Ndlovu;ZW05;eu1hrSICcH2;25.98389053;-18.10083
ZW050333;ZW0503;Simangani;ZW05;JUDZoAkUMWG;26.72417068;-18.11028
ZW050335;ZW0503;Mabale;ZW05;LXVUGQm7RGZ;27.0702;-18.5721
ZW050337;ZW0503;St Patricks;ZW05;J7MxHJHZ9bi;26.5122;-18.3289
ZW050353;ZW0503;Zimbabwe Prison Services;ZW05;U3e6ekRXW7y;26.53142;-18.34919
ZW050355;ZW0503;ZRP Hwange;ZW05;sOSMAtvracs;26.51302;-18.34558
ZW050358;ZW0503;Zesa Dressing Station Clinic;ZW05;zWJE0ySFXHq;26.4927;-18.3629
ZW050359;ZW0503;Zesa Chibondo;ZW05;Z3HcoSNeppw;26.5141;-18.3306
ZW050360;ZW0503;Ingagula;ZW05;zbS445H6kah;26.46145;-18.38911
ZW050361;ZW0503;Empumalanga;ZW05;jZGy677dnfU;26.5008297;-18.34972
ZW050362;ZW0503;Chinotimba;ZW05;OYnj7haEW3L;25.82583046;-17.94528
ZW050381;ZW0503;Dete;ZW05;jpEG9V6xrYP;26.85831;-18.62354
ZW050382;ZW0503;Ngumija;ZW05;xhIwGYQXNXZ;26.49616;-18.37741
ZW050383;ZW0503;NRZ Surgery;ZW05;MfkW1a4Hqku;26.48723;-18.37115
ZW050391;ZW0503;Lukunguni;ZW05;CpgIKDUylA4;26.22833061;-18.04444
ZW050392;ZW0503;No 1 Clinic;ZW05;e9VM80nHbQh;26.49204;-18.35426
ZW050393;ZW0503;No1 North;ZW05;ixdjf7oLHyv;26.47342;-18.33347
ZW050394;ZW0503;No 2 Clinic;ZW05;dh8SkIE24ec;26.42891;-18.36407
ZW050395;ZW0503;No 3 Clinic;ZW05;aWzNvLJPiws;26.40722;-18.41659
ZW050396;ZW0503;No 5 Clinic;ZW05;Gahvlupt3c8;26.44014;-18.37726
ZW050402;ZW0504;Dandanda;ZW05;BeVXhb4Okd5;27.86916924;-18.44889
ZW050403;ZW0504;Dongamuzi;ZW05;XrHUnXYBubZ;27.44719;-18.40378
ZW050404;ZW0504;Gomoza;ZW05;bh46Jbdsx4Y;28.22360992;-18.84139
ZW050405;ZW0504;Kanyandavu;ZW05;TWK9GVJ0YcF;27.97777939;-18.30444
ZW050406;ZW0504;Lupane;ZW05;UBges4sOxQE;27.77194023;-18.93528
ZW050407;ZW0504;Lupaka;ZW05;ECxIUwSg9Ep;27.90361023;-18.78333
ZW05040A;ZW0504;St. Pauls;ZW05;nCSV7v53HRq;28.11388969;-19.02028
ZW05040B;ZW0504;St. Lukes;ZW05;jeGBzfmKlQl;27.96861076;-19.10972
ZW050426;ZW0504;Jotsholo;ZW05;ru92cefCXx3;27.55833054;-18.73056
ZW050427;ZW0504;Mdlankunzi;ZW05;P4uahA4HI3l;27.75193977;-18.49389
ZW050491;ZW0504;Fatima;ZW05;DKPcDr74KRI;27.414;-18.74072
ZW050492;ZW0504;Gwayi;ZW05;WuDZ8D5PcVj;27.18638992;-18.61111
ZW050502;ZW0505;Mateme;ZW05;rF3ZY8pOeYJ;28.95722008;-18.66917
ZW050503;ZW0505;Ngwaladi;ZW05;kXnKVCPF1wZ;28.37972069;-18.57667
ZW050505;ZW0505;Sivalo;ZW05;gmLfAfr1YLt;28.35139084;-18.74306
ZW050506;ZW0505;Zenka Rural Health Centre;ZW05;yzteaQjArJn;28.77305985;-19.07
ZW05050A;ZW0505;Nkayi;ZW05;j0FI6bcuGFL;28.89138985;-19.00056
ZW05050B;ZW0505;Dakamela;ZW05;fSmMezXYT0V;28.66666985;-18.79722
ZW05050C;ZW0505;Mbuma;ZW05;MjYcpFjUjbG;28.44166946;-18.94889
ZW050525;ZW0505;Fanison;ZW05;o8v1aiUjp5z;28.88582993;-18.91583
ZW050526;ZW0505;Nesigwe;ZW05;g29TEy9yTIW;28.8116703;-18.72778
ZW050527;ZW0505;Sebumane;ZW05;A1W7R6k1DFR;28.46138954;-18.67028
ZW050528;ZW0505;Sikobokobo;ZW05;anB7WKFPWNK;28.48749924;-18.7825
ZW050529;ZW0505;Zinyangeni;ZW05;zMnGvy72aws;28.98806;-19.07778
ZW050532;ZW0505;Guwe;ZW05;xGHewS8QVb9;28.96777916;-19.21444
ZW050533;ZW0505;Gwelutshena;ZW05;icHSTSJ1PwX;28.70889091;-18.66306
ZW050534;ZW0505;Sesame;ZW05;dxJvAPw0cIF;28.71249962;-18.955
ZW050603;ZW0506;Makaza;ZW05;EI2eBWX6AdG;27.64581;-19.93546
ZW050604;ZW0506;Mlagisa;ZW05;IihNPoKOuZq;27.66749954;-19.15111
ZW050605;ZW0506;Mtshayeli;ZW05;sp2U5DIl8aL;27.0886097;-18.35889
ZW050606;ZW0506;Sodaka;ZW05;vDdAHJWNfHn;27.08416939;-19.39889
ZW05060A;ZW0506;Tsholotsho;ZW05;wNv0rUXoprE;27.75527954;-19.77278
ZW05060B;ZW0506;Sipepa;ZW05;lZbqwxClTKl;27.65500069;-19.28667
ZW05060C;ZW0506;Pumula;ZW05;HnmD3aN1Aji;27.09139061;-19.59306
ZW050625;ZW0506;Bubude;ZW05;M8GUxpcY9zW;27.81193924;-20.1
ZW050626;ZW0506;Dlamini;ZW05;pqpfmI41yEY;27.406;-19.4999
ZW050628;ZW0506;Jimila;ZW05;zOu1YfpEc99;27.73860931;-19.49333
ZW050629;ZW0506;Madlamombe;ZW05;wycmA4jZHbq;27.50806046;-19.77528
ZW050630;ZW0506;Nkunzi;ZW05;dnyF1KLtmrO;27.88861084;-20.10056
ZW050631;ZW0506;T. Urban;ZW05;CGm37qYHO3h;27.75278091;-19.76694
ZW050633;ZW0506;Samahuru;ZW05;N7lqxou06rj;27.18993;-19.48617
ZW050634;ZW0506;Shaba;ZW05;v5HsXI0RbYg;27.7239;-20.043
ZW050696;ZW0506;Kapane;ZW05;H7pfKUKYqHv;27.51749992;-19.26056
ZW050697;ZW0506;Panedziba;ZW05;BnH3EgzEjkO;27.57139015;-19.46944
ZW050698;ZW0506;Sikente;ZW05;oh1Jp42kTE9;27.35356;-19.78716
ZW050699;ZW0506;Bemba;ZW05;fD3e45suK7g;27.27332;-19.45289
ZW050703;ZW0507;Igusi;ZW05;DHX4QPFYNf1;28.07416916;-19.66111
ZW05070A;ZW0507;Nyamandlovu;ZW05;NwhxM073HO5;28.26556015;-19.85889
ZW050722;ZW0507;Khami Remand ;ZW05;vpzJk8cjnPq;28.3962;-20.0662
ZW050723;ZW0507;Khami Maximum;ZW05;zHpvI0rRefO;28.4028;-20.0666
ZW050724;ZW0507;Khami Medium Clinic;ZW05;AXfud0aoV19;28.3926;-20.0617
ZW050725;ZW0507;ZPS Mlondolozi Prison Clinic;ZW05;poAoKEJzA1L;28.3953;-20.0638
ZW050726;ZW0507;Fingo;ZW05;n7PWhl64p5Y;28.89417076;-19.9675
ZW050728;ZW0507;Redwood;ZW05;TVm0Oe65yz9;28.41426;-19.73884
ZW050729;ZW0507;Ntabazinduna;ZW05;FvzDz7j6bk3;28.84556007;-19.97944
ZW050733;ZW0507;Mbembesi;ZW05;Lux101IAoQw;28.3289;-19.4938
ZW050752;ZW0507;Fair bridge;ZW05;U955E1dbBJN;28.70000076;-20.09917
ZW050753;ZW0507;Unicem;ZW05;AApdlLy8xDh;28.68499947;-20.11861
ZW050781;ZW0507;T.G Silundika;ZW05;X0nOmkqcDn9;28.1923;-19.9487
ZW050791;ZW0507;St. James ;ZW05;Ellfi6GeXAw;28.0553;-19.9505
ZW050798;ZW0507;Muntu;ZW05;tRcbhjUWJpw;28.006;-19.9121
ZW060101;ZW0601;Chikwarakwara;ZW06;Pc5yc5tAeNF;31.09124947;-22.31725
ZW060102;ZW0601;Chituripasi;ZW06;poqrqFB4ezD;30.7875309;-22.20064
ZW060103;ZW0601;Dite;ZW06;B0IgvxGs1In;30.39002991;-22.22214
ZW060104;ZW0601;Majini;ZW06;GM03mm6duRI;29.69067001;-21.50331
ZW060105;ZW0601;Prison;ZW06;qTqTdojssVw;29.98527908;-22.22269
ZW060106;ZW0601;Shabwe;ZW06;l5x633QnB6H;30.22278023;-22.10489
ZW060108;ZW0601;ZRP;ZW06;RGvXTGJ3oi8;30.0051899;-22.21992
ZW060109;ZW0601;Nottingham;ZW06;MtYXI5MCtuX;29.63697052;-22.12217
ZW06010A;ZW0601;Beitbridge;ZW06;E8EI6XrQSsn;29.98760986;-22.20458
ZW060125;ZW0601;Chasvingo;ZW06;cOFrvE80WQ7;30.50114059;-22.05558
ZW060126;ZW0601;Dulibadzimu;ZW06;c0IieswYbFt;29.98372078;-22.20681
ZW060127;ZW0601;Masera;ZW06;C04QiGQzbtb;29.58650017;-21.93431
ZW060128;ZW0601;Swereki;ZW06;myQLemPmnNB;29.40386009;-21.87125
ZW060129;ZW0601;Shashe;ZW06;pUVSUBJ8Es1;29.32243919;-22.10292
ZW060130;ZW0601;Tongwe;ZW06;IkmlK2VvJyA;30.04042053;-21.93567
ZW060131;ZW0601;Zezane;ZW06;NX5E8VD4qql;29.50341988;-21.62461
ZW060176;ZW0601;Makakabule;ZW06;Wj4RlmwcJkb;29.93680954;-22.13792
ZW060177;ZW0601;Chamunangana;ZW06;XJpNFeubEmY;29.60194016;-21.60719
ZW060181;ZW0601;NRZ;ZW06;yWUEiTZdX3r;30.00781059;-22.22078
ZW060201;ZW0602;Village 13;ZW06;xfTfBuZjJkt;27.52388954;-20.39056
ZW060202;ZW0602;Huwana;ZW06;nwwAxlXbJwl;27.46556091;-19.89528
ZW060204;ZW0602;Makhuleka;ZW06;nr8AGzrBEAa;27.26861;-19.90611
ZW060206;ZW0602;Matshinge;ZW06;pxWz8J9mpVR;27.71916962;-20.21028
ZW060208;ZW0602;Nswazwi;ZW06;O5YeiVf8VLA;27.35250092;-20.39194
ZW06020B;ZW0602;Lady Barring;ZW06;puEtgGYL24a;27.3283;-19.94806
ZW06020C;ZW0602;Lady Stanley;ZW06;icJVWJT4Kor;27.5874;-20
ZW060220;ZW0602;Hingwe;ZW06;Slqko1xDIYV;27.30167007;-20.145
ZW060225;ZW0602;Dombodema;ZW06;UeNiHcD5J7x;27.62221909;-20.40417
ZW060228;ZW0602;Madlambuzi;ZW06;bmL5zWEj6T7;27.44333076;-20.15111
ZW060230;ZW0602;Ndiweni;ZW06;KBygsFhy7Xa;27.7508297;-20.36611
ZW060231;ZW0602;Sikhatini;ZW06;h6WcQ915OrH;27.89916992;-20.35278
ZW060234;ZW0602;Bezu;ZW06;jjDh5hjk7jD;27.87091;-20.23436
ZW060235;ZW0602;Masendu;ZW06;dekCnTKC0br;27.53517;-20.13567
ZW060291;ZW0602;Solusi;ZW06;RciFvYGZ2xo;28.16028023;-20.19278
ZW060301;ZW0603;Gungwe;ZW06;dhiLrn2OMIj;28.88731003;-21.45617
ZW060302;ZW0603;Makwe;ZW06;OUmbO9Dx9Av;28.75638962;-20.96919
ZW060303;ZW0603;Nhwali;ZW06;V3JpY96kdVF;29.20549965;-21.70358
ZW060304;ZW0603;Gwanda Prison;ZW06;ayVaCeZSRAC;29.00653076;-20.95706
ZW060305;ZW0603;Simbumbumbu;ZW06;Wc63W8e4VPt;28.75761032;-20.75217
ZW060306;ZW0603;Stanmore;ZW06;NoyhPjmwOeo;29.03660965;-20.66992
ZW060307;ZW0603;ZRP;ZW06;WKaj0aWHhxU;29.0124;-20.9373
ZW060309;ZW0603;ZNFPC;ZW06;n94LdFhOYbM;29.01849937;-20.94064
ZW06030A;ZW0603;Gwanda Prov. Hosp;ZW06;nRFC0VVvNG1;29.00005913;-20.95786
ZW06030B;ZW0603;Manama;ZW06;pTC2Kr3J36g;28.99114037;-21.57014
ZW06030C;ZW0603;Mtshabezi;ZW06;VXlbEmt9svC;28.90691948;-20.70111
ZW060325;ZW0603;Buvuma;ZW06;ULqqDsrSxfO;29.20446968;-21.46747
ZW060326;ZW0603;Kafusi;ZW06;dtbRhEVyrat;28.77222061;-21.60386
ZW060327;ZW0603;Mashaba;ZW06;zUcx6zsL46y;28.95038986;-21.66825
ZW060328;ZW0603;Mzimuni;ZW06;Q38EU4UNiaJ;29.13558006;-20.65025
ZW060329;ZW0603;Ntalale;ZW06;GBsKRjq9zHR;28.88607979;-21.35731
ZW060330;ZW0603;Sengwezani;ZW06;OZjJKN6uFmQ;28.97450066;-21.37139
ZW060331;ZW0603;Garanyemba;ZW06;cjtHIvjlvHq;28.98773;-21.16676
ZW060332;ZW0603;Sitezi;ZW06;Wrw1IDqVBNr;28.8005;-20.8209
ZW060333;ZW0603;Lushongwe;ZW06;tPTWTiP1Kqw;28.78025;-21.01852
ZW060334;ZW0603;Mapate;ZW06;UZ7r9hwZMgd;28.90015;-21.57018
ZW060362;ZW0603;Pakama;ZW06;PhCiI8NplKa;29.02396965;-20.93975
ZW060363;ZW0603;Silonga;ZW06;qYV2YCq6MNp;29.17406082;-21.38333
ZW060376;ZW0603;Blanket Mine;ZW06;uUh93Rzjw0K;28.90613937;-20.87447
ZW060377;ZW0603;Collen Bawn;ZW06;L8lKPZA39ga;29.22178078;-21.0035
ZW060379;ZW0603;Jessie Mine;ZW06;ksvPeqYhNHi;29.32280922;-21.05517
ZW060380;ZW0603;Vumba-Chingwe;ZW06;Ij65wjZHAiz;28.92378044;-20.88653
ZW060382;ZW0603;West Nicolson;ZW06;qHOiL9glACJ;29.3689;-21.0709
ZW060383;ZW0603;Joshua Mqabuko Nkomo Polytech Clinic;ZW06;s9H39zxxy8a;29.0129;-20.95247
ZW060402;ZW0604;Gwatemba;ZW06;zmh954cgQHV;29.69050026;-20.40542
ZW060404;ZW0604;Mabuze;ZW06;Nw3NVUqhNaU;29.45292091;-20.93906
ZW060405;ZW0604;Nkankezi;ZW06;lCRlkEz71cc;29.42378044;-20.48781
ZW060406;ZW0604;Nyamime;ZW06;lhvnFybX6Pe;29.30438995;-20.90644
ZW060407;ZW0604;Sanale;ZW06;LcHMxhBrEBo;29.55517006;-20.68947
ZW06040A;ZW0604;Filabusi;ZW06;FZH7EITOBvB;29.28667068;-20.54033
ZW06040B;ZW0604;Shangani;ZW06;LbdpvKwWs0Y;29.37375069;-19.78414
ZW06040C;ZW0604;Avoca;ZW06;HGrsdZnGVLx;29.50555992;-20.83492
ZW06040D;ZW0604;Wanezi;ZW06;XX0ZMuuDZhk;29.58552933;-20.57447
ZW060425;ZW0604;Singwango;ZW06;jTCANAwYpUA;29.31760979;-20.78678
ZW060426;ZW0604;Zhulube;ZW06;WXjYZkmAcxq;29.29006004;-20.64019
ZW060427;ZW0604;Singwambizi;ZW06;KQ8U5Cg3AUa;29.54654;-20.93315
ZW060428;ZW0604;Kombo;ZW06;nvcYHMpAHfm;29.04724;-19.85475
ZW060477;ZW0604;Shangani;ZW06;yW7Fi0sI8ww;29.22488976;-19.68997
ZW060501;ZW0605;Natisa;ZW06;kyaDYgOIpBZ;28.50527954;-20.69019
ZW060502;ZW0605;Sankonjana;ZW06;BP9mhp7zXMN;28.70027924;-21.40547
ZW060503;ZW0605;Homestead;ZW06;OGwUj8IBy4e;28.55385971;-21.25589
ZW060504;ZW0605;Beula;ZW06;kh6ns6DZgxB;28.40613937;-21.48506
ZW060505;ZW0605;Ekukanyeni;ZW06;knWOPLAfcgs;28.67786;-20.40312
ZW06050A;ZW0605;Maphisa District Hospital;ZW06;qZ20lY26Zhi;28.47435951;-21.07378
ZW06050B;ZW0605;Kezi;ZW06;IKhkPBZe9GG;28.4580307;-20.91947
ZW06050C;ZW0605;Matobo Rural;ZW06;CRnw6S2VnRr;28.48785973;-20.41767
ZW06050D;ZW0605;Tshelanyemba;ZW06;fGPBRoboFJn;28.48802948;-21.35383
ZW060525;ZW0605;Mbembeswana;ZW06;n0JZrktiRpP;28.2531395;-21.03622
ZW060581;ZW0605;Gulati;ZW06;yxtQKFT8xxn;28.5902195;-20.45719
ZW060591;ZW0605;Matobo;ZW06;cHsk8ISst3c;28.72024918;-20.46828
ZW060592;ZW0605;Bazha;ZW06;m2YKQmvbayb;28.33506012;-20.60611
ZW060593;ZW0605;Masiye Camp;ZW06;JW60FzjZUJu;28.6291;-20.59
ZW060594;ZW0605;Cyrene ;ZW06;HgTsVb46oGb;28.4149;-20.3311
ZW060601;ZW0606;Kumbuzi;ZW06;o7lk8OxDSN5;28.90706062;-20.62233
ZW060602;ZW0606;Mbizingwe;ZW06;kDv1D2Ehf98;28.81893921;-20.40375
ZW06060A;ZW0606;Esigodini;ZW06;Wz8YBhr40BI;28.93678093;-20.28347
ZW060625;ZW0606;Esibobvu;ZW06;pHDEvqavUGq;28.90357971;-20.40247
ZW060626;ZW0606;Habani;ZW06;acCVg6eZCR4;28.95606041;-20.32064
ZW060627;ZW0606;Mawabeni;ZW06;SYh7kFev6Op;28.98513985;-20.40653
ZW060628;ZW0606;Mhlahlandlela;ZW06;F9bd4PTzZLa;28.78556061;-20.52142
ZW060629;ZW0606;Nhlangano;ZW06;SrqxRxaYSzn;28.77243996;-20.20519
ZW060630;ZW0606;Nswazi;ZW06;LKwAHy9EDfG;28.98477936;-20.55722
ZW060631;ZW0606;Ntshamathe;ZW06;j6F1kG6g3f6;28.79100037;-20.15072
ZW060632;ZW0606;Irisvale;ZW06;pCODIoWCbsR;29.08530998;-20.52311
ZW060633;ZW0606;Mpisini;ZW06;tROtYT5ipod;29.10956;-20.20814
ZW060676;ZW0606;How Mine;ZW06;w4rwyHJKWBr;28.78455925;-20.30364
ZW060703;ZW0607;Ingwizi;ZW06;AEArYs0pk3a;27.87083054;-21.11917
ZW060705;ZW0607;Marula;ZW06;b0WVnEWPk15;28.09361076;-20.4725
ZW060707;ZW0607;Mayobodo;ZW06;c3kGl224qGl;28.15155;-21.3633
ZW060709;ZW0607;Bango;ZW06;sHMQrK4mrVe;28.13474;-21.25769
ZW06070A;ZW0607;Plumtree;ZW06;i7kUNSMazUq;27.80888939;-20.49667
ZW06070E;ZW0607;Embakwe;ZW06;Kcm1LN2oBWI;27.82110977;-20.77917
ZW060727;ZW0607;Madabe;ZW06;oSAZBT5wDIC;27.75333023;-20.81444
ZW060729;ZW0607;Mambale;ZW06;croT0mcnle6;28.28471947;-21.47833
ZW060732;ZW0607;Tshitshi;ZW06;Pu8ltwdaHfW;27.74806023;-21.00333
ZW060733;ZW0607;SANZUKWI;ZW06;epzuk3Ugv3q;28.00213;-21.10654
ZW060745;ZW0607;Dingumuzi;ZW06;rzWIrDCE3FA;27.80888939;-20.5025
ZW060792;ZW0607;Empandeni;ZW06;DROeVoEXVYs;27.90278053;-20.70778
ZW060793;ZW0607;Plumtree ZPS;ZW06;IH6BF90iN6D;27.8103;-20.4916
ZW070101;ZW0701;Chizhou;ZW07;NYWetpSMWGf;30.50447083;-19.55183
ZW070102;ZW0701;Denhere;ZW07;jkKXdHWUIPR;30.51683044;-19.77036
ZW070103;ZW0701;Lynwood;ZW07;gIKW0lmqvaz;30.52421951;-19.40619
ZW070104;ZW0701;Nyautonga;ZW07;klEB2HlYhmz;30.68371964;-19.65475
ZW070105;ZW0701;Nyikavanhu;ZW07;waqTKtBqvzx;30.65077972;-18.97053
ZW070106;ZW0701;Guramatunhu;ZW07;ZokXr8S7M1j;30.48756027;-19.63519
ZW070108;ZW0701;Tokwe 4;ZW07;snps191LWM4;30.25167084;-19.47556
ZW070109;ZW0701;Musena;ZW07;d73t6Bs5YRb;30.4083;-18.8616
ZW07010A;ZW0701;Mvuma;ZW07;tda4dUNbHXS;30.52086067;-19.29036
ZW07010B;ZW0701;Chilimanzi Rural Hospital (Chaka);ZW07;Y3Bg4ZzxfGm;30.68914032;-19.53636
ZW07010C;ZW0701;Driefontein;ZW07;mib1cXwWt3O;30.70710945;-19.41889
ZW07010D;ZW0701;Holy Cross;ZW07;NDHNjXIlHLK;30.59094048;-19.56742
ZW07010E;ZW0701;Muwonde;ZW07;zuwe1zLXtYM;30.70203018;-19.42233
ZW07010F;ZW0701;St. Theresa;ZW07;E7z7msrh2Ti;30.63485909;-19.71856
ZW070125;ZW0701;Chengwena;ZW07;ibYWPAMeCBw;30.55322075;-19.80483
ZW070126;ZW0701;Hama;ZW07;K8kVjbJUQEO;30.62450027;-19.85431
ZW070127;ZW0701;Siyahokwe;ZW07;X6AP7mzriHR;30.50431061;-19.68994
ZW070128;ZW0701;Mapiravana;ZW07;rW0hFHerdeG;30.5011;-19.4935
ZW070145;ZW0701;Lalapanzi;ZW07;Cv6kmfDxwVs;30.18531036;-19.33514
ZW070186;ZW0701;Central Estates;ZW07;heqvYVrVaIM;30.46363;-19.2211
ZW070201;ZW0702;Gwanyika;ZW07;pL4gUH07HdO;29.24167061;-18.26278
ZW070202;ZW0702;Kadzidirire;ZW07;k3KMG4tehcq;28.9383297;-17.50028
ZW070203;ZW0702;Madzivazu;ZW07;PqExsT2KAi8;28.50583076;-17.62972
ZW070204;ZW0702;Mzadzi;ZW07;f6CgkxVhCLE;29.05278015;-17.47944
ZW070205;ZW0702;Mashame;ZW07;XllhG5cKBYD;28.79750061;-17.2725
ZW070206;ZW0702;Mateta;ZW07;ujR0SPoYlYt;28.53306007;-18.3925
ZW070207;ZW0702;Norah;ZW07;nu3j8J5HOpv;29.16777992;-17.51306
ZW070208;ZW0702;Nyaje;ZW07;JIMqCEwBKen;28.79750061;-18.55222
ZW070209;ZW0702;Simchembu;ZW07;ExkjdxwIkft;28.23969078;-17.68439
ZW07020A;ZW0702;Gokwe;ZW07;cn05qNHxtLo;28.92499924;-18.21139
ZW07020B;ZW0702;Chireya;ZW07;TNtqKFGZD68;28.5988903;-17.54417
ZW07020C;ZW0702;Kana;ZW07;EWIT0gjbKzw;28.51582909;-18.55583
ZW07020D;ZW0702;Mtora;ZW07;LCL9ryFvCb6;29.00694084;-17.72083
ZW070210;ZW0702;Tsungai;ZW07;pGbz0iYwQQN;29.14249992;-17.61306
ZW070211;ZW0702;Svisvi;ZW07;fzX4nYbF8u2;28.77750015;-18.06028
ZW070212;ZW0702;Zhamba;ZW07;rGSQkc52bpf;28.06110954;-18.225
ZW070216;ZW0702;Chitave;ZW07;uRUqAmJnbUw;28.45111084;-18.19778
ZW070217;ZW0702;Mateme;ZW07;mPRfeVLlEh6;28.92017;-18.5753
ZW070219;ZW0702;Jahana;ZW07;h2xWiMJwiP7;28.95332909;-18.01806
ZW070220;ZW0702;Vumba;ZW07;ld130D1EL0R;28.18426;-17.76407
ZW070224;ZW0702;PSZ;ZW07;gdr27YOXPty;28.9385;-18.2204
ZW070225;ZW0702;Chemahuro;ZW07;JIw5Wb3mAJZ;29.11277962;-18.21611
ZW070226;ZW0702;Gawa;ZW07;CXLqK6E4nCr;28.73389053;-18.26167
ZW070227;ZW0702;Gumunyu;ZW07;mxgUxlPeZ4S;28.90527916;-17.40972
ZW070228;ZW0702;Jiri;ZW07;QOyVj877fR2;28.25749969;-18.345
ZW070229;ZW0702;Kahobo;ZW07;bXlxEPKa20b;28.76333046;-17.7375
ZW070230;ZW0702;Krima;ZW07;UC2KKnYZ3jw;29.37194061;-18.45028
ZW070231;ZW0702;Kuwirirana;ZW07;lafgRVBCHPb;29.03027916;-17.9075
ZW070232;ZW0702;Mangidi;ZW07;AcK4cq5nDXi;28.35582924;-18.12194
ZW070233;ZW0702;Manoti;ZW07;u2a0I7Vp7s8;28.37944031;-18.45833
ZW070234;ZW0702;Masuka;ZW07;hWbSV3iEQ4S;28.40250015;-18.00333
ZW070235;ZW0702;Msala;ZW07;pAg0wU4miIq;28.04528046;-18.465
ZW070236;ZW0702;Musita;ZW07;oKevHdgQchc;28.57860947;-17.84361
ZW070237;ZW0702;Nyamunga;ZW07;z8YBhfH0zfl;29.46249962;-18.34667
ZW070238;ZW0702;Sai;ZW07;eHtpKDVWlGl;28.32860947;-18.25861
ZW070239;ZW0702;Tongwe;ZW07;GAfmXZsidnX;29.10388947;-18.08111
ZW070240;ZW0702;Zhomba;ZW07;RnD0rb3ufox;28.31306076;-17.44139
ZW070291;ZW0702;Denda;ZW07;s0sZR1GDeoX;28.82028008;-17.78917
ZW070292;ZW0702;Goredema;ZW07;R1bec89l3UY;28.89694023;-17.85194
ZW070293;ZW0702;Manyoni;ZW07;btpo9RLUGxP;28.60222054;-18.14722
ZW070294;ZW0702;Mutange;ZW07;nEmrUB00q9I;29.24028015;-18.20472
ZW070295;ZW0702;Nenyunga;ZW07;rt2UEccM5K5;28.25305939;-17.44139
ZW070296;ZW0702;Sesame;ZW07;UoLvuRUpeG6;28.73500061;-17.95472
ZW070297;ZW0702;Huchu;ZW07;ZW070316;28.53249931;-17.98611
ZW070298;ZW0702;Rubatsiro;ZW07;X8zn12MUr5m;29.09388924;-17.77472
ZW070301;ZW0703;Gunde;ZW07;GlxURpUrNmh;30.00278091;-19.18781
ZW070302;ZW0703;Kabanga;ZW07;scgHyOj7lEc;30.07344055;-19.1395
ZW070303;ZW0703;Mangwande;ZW07;KZia6a11ZKK;29.4228096;-19.37181
ZW070304;ZW0703;Masvori;ZW07;wqTGtMBR7VW;30.05999947;-19.21278
ZW070305;ZW0703;Nkululeko;ZW07;RbhNPaoniaH;29.65280914;-19.20103
ZW070306;ZW0703;Ntabamhlope;ZW07;X4dssd21wEo;29.40489006;-19.17239
ZW070307;ZW0703;MSU;ZW07;iMVtldIWJyN;29.8418;-19.511
ZW07030A;ZW0703;Gweru P.H;ZW07;W4xgmp39E7M;29.83908081;-19.47222
ZW07030C;ZW0703;Chikwingwizha;ZW07;HZJ8sepNyEZ;29.9564209;-19.5555
ZW07030F;ZW0703;Thornhill;ZW07;X65FArxjvOS;29.8555;-19.4487
ZW070313;ZW0703;Connemara;ZW07;fNORHKgBfTQ;29.81996918;-19.20722
ZW070314;ZW0703;Whahwa;ZW07;HwIT3aIsuTN;30.02071953;-19.35661
ZW070316;ZW0703;ZRP;ZW07;S9f6KQakc2E;29.8229;-19.4585
ZW070325;ZW0703;Chiundura;ZW07;E8YETQLa2jF;29.95261002;-19.23689
ZW070326;ZW0703;Maboleni;ZW07;uGuNFdnD0Hh;29.43983078;-19.29136
ZW070327;ZW0703;Madhikani;ZW07;nyAB0YMDoBt;29.30513954;-19.27042
ZW070328;ZW0703;Makepesi;ZW07;M0SaUIESsW3;29.56883049;-19.38919
ZW070345;ZW0703;Somabula;ZW07;GJpUvLLUGTt;29.66994095;-19.70069
ZW070346;ZW0703;Vungu;ZW07;IIABLkS1ldc;29.4722805;-19.40322
ZW070347;ZW0703;Nyama;ZW07;dAkr74lJdkt;29.34163;-19.21865
ZW070351;ZW0703;BATA;ZW07;BAf7gHorQXx;29.79553;-19.47412
ZW070362;ZW0703;Mkoba 1;ZW07;fuHLYlO0nIe;29.76658;-19.46726
ZW070363;ZW0703;Mkoba Poly;ZW07;MMimEdy88IO;29.75082;-19.459
ZW070364;ZW0703;Monomutapa;ZW07;AMcdsZqn641;29.80173;-19.44489
ZW070365;ZW0703;Medical Centre;ZW07;Tvj32SyBPNc;29.8028;-19.4479
ZW070366;ZW0703;Ivene;ZW07;LoSjn0yJDgY;29.8007;-19.49625
ZW070367;ZW0703;Senga Poly;ZW07;czJaFNMnZaU;29.83814;-19.49622
ZW070368;ZW0703;Totonga;ZW07;kcSDI2qlspj;29.82668;-19.42968
ZW070381;ZW0703;Dabuka;ZW07;JbvHP9GFMd9;29.78063;-19.52241
ZW070385;ZW0703;Railways;ZW07;CruRr3BB7uS;29.80665;-19.45662
ZW070391;ZW0703;Lower Gweru;ZW07;qKmB3CBc0NN;29.54042053;-19.38747
ZW070392;ZW0703;St Patricks;ZW07;UUrAeWdJEzE;29.90280914;-19.22369
ZW070401;ZW0704;Dendera;ZW07;HrCYQmO3SNa;29.10292053;-18.70764
ZW070402;ZW0704;Donsa;ZW07;JK0aFYdJY9x;28.90630913;-18.76897
ZW070403;ZW0704;Mazebe;ZW07;teWdoeRkmBn;29.00630951;-18.93542
ZW070404;ZW0704;Msilahove;ZW07;byadYrctbqg;29.15613937;-19.17339
ZW070405;ZW0704;Nyoni;ZW07;fMobiVP4T70;29.33756065;-18.96747
ZW070409;ZW0704;Majorca;ZW07;IXHsmjCW0vy;29.60128021;-18.77267
ZW07040A;ZW0704;Kwekwe;ZW07;fN5Q0AZoXdy;29.82374954;-18.93572
ZW07040B;ZW0704;Silobela;ZW07;qrfT3L9YO0c;29.30458069;-19.00511
ZW07040C;ZW0704;Zhombe;ZW07;DvW4fK9utJL;29.38493919;-18.70336
ZW070425;ZW0704;Don Juan;ZW07;wo80amFm4OB;29.50744057;-18.607
ZW070426;ZW0704;Exchange;ZW07;IgWXO6O9cwM;29.07592;-18.84766
ZW070427;ZW0704;Malisa Josefa;ZW07;G679ypcHye5;29.12324905;-19.00353
ZW070429;ZW0704;Ntabeni;ZW07;m145xcyK3sD;29.33472061;-18.80214
ZW070430;ZW0704;Samambwa;ZW07;zDHXPrHvZRf;29.45247078;-18.33406
ZW070432;ZW0704;Sidakeni;ZW07;cBXTpF0j9Li;29.46838951;-18.43989
ZW070433;ZW0704;Jackson;ZW07;LOf2t7SLChQ;29.25005913;-19.10408
ZW070434;ZW0704;Simana;ZW07;eUv3iLHTiIN;29.11927986;-18.92169
ZW070451;ZW0704;Globe & Phonics;ZW07;BZOLhPC0o23;29.8005;-18.9231
ZW070452;ZW0704;Rio Tinto;ZW07;ShaUoNIfalb;29.43556023;-18.46828
ZW070454;ZW0704;Torwood;ZW07;tPlsx1I80sP;29.73644066;-19.02261
ZW070459;ZW0704;Redcliff;ZW07;brQm8hctUbs;29.78238;-19.0226
ZW070461;ZW0704;Amaveni;ZW07;Ve7IRU3xTkP;29.78466;-18.92453
ZW070462;ZW0704;Mbizo 1;ZW07;LbDW2TtPafa;29.83498;-18.90588
ZW070463;ZW0704;Mbizo 11;ZW07;n7VCAl5EpZX;29.8502;-18.9061
ZW070464;ZW0704;Rutendo;ZW07;UcjVrqFdzjb;29.77346;-19.0084
ZW070465;ZW0704;Sebakwe;ZW07;jmQaIMZ8F8q;30.1225605;-18.98881
ZW070466;ZW0704;Sherwood;ZW07;swWTIel4uf2;29.8062191;-18.82453
ZW070477;ZW0704;Jena;ZW07;f5r24bbz4bp;29.1651;-18.8762
ZW070481;ZW0704;Gaika;ZW07;lYISea3sa7Y;29.8104;-18.9485
ZW070484;ZW0704;Tiger Riff;ZW07;Q0SIcfVYZ3T;29.7114;-18.8808
ZW070485;ZW0704;Munyati;ZW07;fklDIbnXvDq;29.78697014;-18.67142
ZW070486;ZW0704;Aldavis;ZW07;oTzdCScsUos;29.81286;-18.9364
ZW070487;ZW0704;ZRP;ZW07;rSzWOU0r2dC;29.8169;-18.9417
ZW070488;ZW0704;Gomola;ZW07;Ueajare7wgg;29.45247078;-18.76839
ZW070501;ZW0705;Gwarava;ZW07;BEFoLFs36HA;30.06847;-20.95372
ZW070502;ZW0705;Mataga;ZW07;tNU9P4tgMhs;30.19042015;-20.84119
ZW070504;ZW0705;Murongwe;ZW07;uQ9ydoZsNxt;30.25756073;-20.60161
ZW070505;ZW0705;Mwenezi;ZW07;Jr8if0re3nm;29.7045002;-20.77317
ZW070506;ZW0705;Vurasha;ZW07;XsaldP3aocJ;30.38402939;-20.93614
ZW070507;ZW0705;Wanezi;ZW07;PhtaiN9uHu6;29.73971939;-20.56978
ZW070508;ZW0705;Kotokwe;ZW07;aWd20Dgkezw;29.58897018;-20.98397
ZW07050A;ZW0705;Mberengwa;ZW07;sW2IoMcwvul;29.91980934;-20.48881
ZW07050B;ZW0705;Jeka;ZW07;quI1OYvSBPV;29.93413925;-20.85536
ZW07050C;ZW0705;Masase;ZW07;r3oWdQofL1r;29.66699982;-20.98667
ZW07050D;ZW0705;Mnene;ZW07;mWQfdYJ8Ogf;30.05381012;-20.62342
ZW07050E;ZW0705;Musume;ZW07;F2UQyWLITD3;30.23905945;-20.92289
ZW070525;ZW0705;Bonda;ZW07;rrBkoOMZ2AC;30.40714073;-20.87094
ZW070526;ZW0705;Chabwira;ZW07;KbXhBIthsOo;30.23944092;-20.67058
ZW070527;ZW0705;Chedembeko;ZW07;jzGuPbMDQnJ;29.90756035;-20.73936
ZW070528;ZW0705;Chingezi;ZW07;QQsfN0FpDGU;29.78660965;-20.72236
ZW070529;ZW0705;Makuwerere;ZW07;uwaxQgd4SXs;30.23636055;-20.98544
ZW070530;ZW0705;Matedzi;ZW07;nuWZ2Ki399S;30.28738976;-20.80739
ZW070531;ZW0705;Mazivofa;ZW07;LoodK7ava2N;30.10186005;-20.75736
ZW070532;ZW0705;Imbahuru;ZW07;v0m8r70tRq1;30.10207939;-20.86708
ZW070533;ZW0705;Muketi;ZW07;RzpKJ0Szgz3;30.14031029;-21.00736
ZW070534;ZW0705;Negobe;ZW07;AXBqSlJtWxr;30.35491943;-20.68572
ZW070535;ZW0705;Ingezi;ZW07;IyEihJS1W2P;30.38619041;-20.58697
ZW070536;ZW0705;Ngungumbane;ZW07;pqunV5XpzEX;30.42119026;-20.78594
ZW070537;ZW0705;Svita;ZW07;QtQuJs4drLH;30.13594055;-20.58678
ZW070538;ZW0705;Mponjani;ZW07;lsUKdklKOFn;30.3904705;-20.71839
ZW070539;ZW0705;Mposi;ZW07;Hh829PZcxK8;30.02206039;-20.82161
ZW070540;ZW0705;Chiedza;ZW07;Vjl8EMsht4t;29.68721962;-20.91722
ZW070541;ZW0705;Vutsanana;ZW07;sDzK8Pt7tQU;30.1959;-20.7342
ZW070578;ZW0705;Sandawana;ZW07;qk0h8CWfku5;29.93564034;-20.92094
ZW070579;ZW0705;Buchwa;ZW07;ixb5wH52mNJ;30.38104;-20.6077
ZW070601;ZW0706;Chikato;ZW07;XWOMMnxlSoD;30.30253029;-19.81733
ZW070602;ZW0706;Chironde;ZW07;LsOQ88WjuXR;30.10330963;-19.67347
ZW070603;ZW0706;Chitora;ZW07;RB5YfilIXTy;30.33897018;-19.57206
ZW070604;ZW0706;Gwanza;ZW07;IKCXW2cAgiU;30.38903046;-19.78753
ZW070605;ZW0706;Marishongwe;ZW07;TD7ae6B1B8i;30.01932907;-19.87072
ZW070606;ZW0706;Rusike;ZW07;D8CMbsbjqfb;30.13622093;-19.90139
ZW070607;ZW0706;Tana;ZW07;DHEcl0aTZ6O;30.30574989;-19.88975
ZW070608;ZW0706;Zvarota;ZW07;db63NfYNFHF;30.22117043;-19.5565
ZW070609;ZW0706;Svika;ZW07;aL58fK7xuuQ;30.25432968;-19.57464
ZW07060A;ZW0706;Shurugwi;ZW07;abUk6qibmMl;30.0011692;-19.67286
ZW07060B;ZW0706;Zvamabande;ZW07;cHT3PnSLQGW;30.13594055;-19.80181
ZW07060C;ZW0706;Chrome Mines;ZW07;er8MU1A7ayn;29.99334;-19.65205
ZW070625;ZW0706;Banga;ZW07;s2XKQ7ZiCub;30.26968956;-19.97475
ZW070626;ZW0706;Gundura;ZW07;wgtPy9tJVaB;30.08336067;-19.88494
ZW070627;ZW0706;Mazibisa;ZW07;HClC4EoiIq1;30.25642014;-19.8555
ZW070628;ZW0706;Nhema;ZW07;ZOI2LyVcE8Z;30.22019005;-19.61906
ZW070629;ZW0706;Tongogara;ZW07;vZADsV7Sw4f;30.20760918;-19.72044
ZW070645;ZW0706;Jobolinko;ZW07;sLsMVIpwoky;30.28710938;-19.68503
ZW070646;ZW0706;Makusha;ZW07;DccfijgagVH;29.99906;-19.67596
ZW070647;ZW0706;Rockford;ZW07;i9MkUcK2ICF;30.30810928;-19.75194
ZW070679;ZW0706;Golden Quary;ZW07;X7x12PYjdok;29.9821;-19.6199
ZW070691;ZW0706;Hanke;ZW07;HTBlKWC3ivP;30.16764069;-19.65592
ZW070692;ZW0706;Pakame;ZW07;olYisdMN5zi;30.04083061;-19.93808
ZW070698;ZW0706;Dorset;ZW07;NWTrxjKRc2D;29.81333;-19.95071
ZW070701;ZW0707;Maketo;ZW07;YhVBzHr20wt;29.93444061;-20.20569
ZW070702;ZW0707;Mandava;ZW07;UXwsoodN7jT;30.06003;-20.30589
ZW070703;ZW0707;Matenda;ZW07;IV4p2J0Nryn;30.05653;-20.00344
ZW070704;ZW0707;Vugwi;ZW07;RE3XdcTPvmu;30.18968964;-20.47197
ZW070705;ZW0707;Vukuzenzele;ZW07;tflMp1UOdUl;29.87214088;-20.26669
ZW07070A;ZW0707;Zvishavane;ZW07;SHBczc4h9R2;30.05238914;-20.30581
ZW07070B;ZW0707;Lundi;ZW07;XLxruS1jL1F;30.01794052;-20.25819
ZW07070C;ZW0707;Shabanie Mine;ZW07;apmZoDToelb;30.06206;-20.32071
ZW070725;ZW0707;Gudo;ZW07;YkO5HeH7cyE;30.21932983;-20.39072
ZW070726;ZW0707;Mabasa;ZW07;SYIise5QtQF;30.0866909;-20.15469
ZW070727;ZW0707;Mapanzure;ZW07;bCGckHi7m7T;29.91963959;-20.08956
ZW070728;ZW0707;Murowa;ZW07;x27Dvx5zX0K;30.38694;-20.53392
ZW070729;ZW0707;Mtambi;ZW07;c27sRLtrAAv;30.28418922;-20.46786
ZW070730;ZW0707;Weleza;ZW07;ZW070830;30.1148;-20.23495
ZW070776;ZW0707;Sabi Mine;ZW07;WP6I08tjKCG;30.13646;-20.39601
ZW070777;ZW0707;Mimosa;ZW07;RSWJwvm4fOh;29.83839035;-20.33686
ZW070778;ZW0707;Medical Centre;ZW07;o1XUOkb8Chw;30.0516;-20.3142
ZW070780;ZW0707;ZPS;ZW07;QE3JDuXXC03;30.057;-20.3113
ZW070785;ZW0707;ZRP;ZW07;EKzN9za0veE;30.06;-20.3079
ZW070787;ZW0707;Mhondongori;ZW07;Iu4JU5vvsTl;29.79052;-20.27637
ZW080101;ZW0801;Chirorwe;ZW08;JI5VUIfVM9X;31.91802979;-19.88528
ZW080102;ZW0801;Devure 1;ZW08;fEoKPhBWVJD;32.12055969;-19.95322
ZW080103;ZW0801;Deure II;ZW08;DjzMz2Vsf8z;31.95138;-20.247192
ZW080104;ZW0801;Mkanga;ZW08;gjJpDJGG8bE;31.72113991;-20.43703
ZW080105;ZW0801;Mukore;ZW08;vMhfQ2lxNWJ;31.84224;-20.14081
ZW080106;ZW0801;Nyika;ZW08;BkYTPx8PjB7;31.58885956;-20.00586
ZW080107;ZW0801;Ngorima;ZW08;R7iT0ozHwhk;31.68431091;-20.28881
ZW08010A;ZW0801;Bikita;ZW08;QDH3UlnqxdE;31.60647011;-20.06703
ZW08010B;ZW0801;Chikuku;ZW08;NMwfQhVVJic;31.86856079;-20.0005
ZW08010C;ZW0801;Mashoko;ZW08;g2h0AGCGHG4;31.75057983;-20.50519
ZW08010D;ZW0801;Silveira;ZW08;skig6i0kMFB;31.68678093;-20.02347
ZW080125;ZW0801;Chitasa;ZW08;pt2kLo8cYjp;31.85453033;-20.20817
ZW080126;ZW0801;Hozvi;ZW08;lnNATIfIe8J;31.53725052;-20.05172
ZW080127;ZW0801;Pfupajena;ZW08;yoSv5OSOTSt;31.61775017;-20.18919
ZW080128;ZW0801;Marozva;ZW08;dW1nZB3QRuP;31.52099991;-20.00053
ZW080129;ZW0801;Odzi;ZW08;MwCeR5AU5Xo;31.85753059;-20.42022
ZW080130;ZW0801;Negovano;ZW08;BGXb33lhLbj;31.72709;-20.12917
ZW080131;ZW0801;Murwira;ZW08;gNLShJ0wMmH;31.65306091;-19.94133
ZW080132;ZW0801;Mungezi;ZW08;YuB4DjpGKbr;31.52096;-19.91393
ZW080133;ZW0801;Mutikizizi;ZW08;paEcB63wSvW;31.71084;-20.20992
ZW080134;ZW0801;Gangare;ZW08;IEJ0WsPBshR;31.81698;-19.9153
ZW080135;ZW0801;Gava;ZW08;T9AbvutvhKo;31.80962;-20.53792
ZW080176;ZW0801;Bikita Minerals;ZW08;xuedeiYXBDU;31.80962;-20.53792
ZW080201;ZW0802;Chambuta;ZW08;C5NOjTNMSLP;31.80488968;-21.25369
ZW080202;ZW0802;Chilonga;ZW08;hYRXKuetQiF;31.6558609;-21.22336
ZW080204;ZW0802;Chizvirizvi;ZW08;MCNppVS36MO;32.01939011;-20.98369
ZW080205;ZW0802;Davata;ZW08;glToTsmBSNs;31.23349953;-22.26981
ZW080206;ZW0802;Gezani;ZW08;WrNbv2VF3IX;31.15553093;-22.10286
ZW080207;ZW0802;Malipati;ZW08;Tjo7lWewbhC;31.42019081;-22.07142
ZW080208;ZW0802;Mahlanguleni;ZW08;QI6mEC6q6Ge;31.50419044;-21.53764
ZW080209;ZW0802;Muteyo;ZW08;elKvx3rNTFA;32.12044144;-20.93611
ZW08020A;ZW0802;Chiredzi;ZW08;YbDW3tcFc5A;31.67321968;-21.036
ZW08020B;ZW0802;Chikombedzi;ZW08;tW1seCReVmF;31.33930969;-21.67494
ZW08020C;ZW0802;Hippo Valley;ZW08;xuwXHQW0lEx;31.6511097;-21.07347
ZW08020D;ZW0802;Triangle;ZW08;of7XjyQuOBa;31.47485924;-21.04056
ZW080210;ZW0802;Nyangambe;ZW08;WKb2oTWOZFK;31.7523098;-20.68347
ZW080211;ZW0802;Faversham;ZW08;wbX3Fgf7RX8;31.35101;-20.68621
ZW080212;ZW0802;Old Boli;ZW08;yq0AR7eRb3Y;31.45088959;-21.42189
ZW080213;ZW0802;Samu;ZW08;nHNI84MVP0n;31.37443924;-22.23522
ZW080214;ZW0802;Pahlela;ZW08;CktmRE9FieY;31.35771942;-21.94103
ZW080218;ZW0802;ZRP;ZW08;FU7AXdidV0z;31.67328072;-21.03814
ZW080225;ZW0802;Chimbwedziva;ZW08;DSg8HlmZ9uq;31.79063988;-21.35144
ZW080226;ZW0802;Chipiwa;ZW08;igoWuGaddpK;31.79128075;-20.836
ZW080227;ZW0802;St Joseph;ZW08;FHv7mXP5yzW;32.12078094;-20.82314
ZW080228;ZW0802;Dumisa;ZW08;jOpC2qi2X6j;31.4039402;-22.21711
ZW080229;ZW0802;Porepore;ZW08;RjPaRRmbrJq;31.90518951;-20.78747
ZW080230;ZW0802;Rapanguwana;ZW08;zxb1zUFM5sS;32.15028;-21.00061
ZW080231;ZW0802;Rutandare;ZW08;lkhHqzi6ezf;31.30443954;-22.10658
ZW080232;ZW0802;Chitsa;ZW08;N5W4thMg9Vf;32.15139008;-21.10053
ZW080233;ZW0802;Tsovani;ZW08;C3ns30PcFjR;31.68841934;-21.039
ZW080234;ZW0802;Makambe;ZW08;Kj83rFr3Q4P;31.34011078;-21.45361
ZW080235;ZW0802;Chomopani;ZW08;qHkq8Y4E0Q8;31.29052925;-21.53381
ZW080282;ZW0802;Mkwasine;ZW08;zbvky2oW8Wm;31.88460922;-20.83886
ZW080284;ZW0802;ZSA;ZW08;Y0hSxhcytz0;31.61693954;-21.03806
ZW080285;ZW0802;NRZ;ZW08;SPN07U8I1kP;31.46928024;-21.02481
ZW080291;ZW0802;Damarakanaka;ZW08;RR17IHFupHB;31.47324944;-21.33969
ZW080292;ZW0802;Chingele;ZW08;d3nnIyRIBkd;31.61894035;-21.41761
ZW080302;ZW0803;Chigwikwi;ZW08;LbxK9ARCm0M;30.20046997;-20.15394
ZW080303;ZW0803;Mhandamabwe;ZW08;kFndlxCVNkl;30.37161064;-20.11747
ZW080304;ZW0803;Ngundu;ZW08;VD1EhcQ8bNE;30.80264091;-20.80253
ZW080305;ZW0803;Razi;ZW08;ajETJbPXyrQ;30.65422058;-20.71986
ZW080307;ZW0803;Takavarasha;ZW08;HCrlcfVKtZ4;30.3073101;-20.33397
ZW080308;ZW0803;Nyahombe;ZW08;W5VZWNHM64p;30.98888969;-20.82406
ZW08030B;ZW0803;Chivi;ZW08;yUZhrtZsDix;30.68786049;-20.39058
ZW08030C;ZW0803;Berejena;ZW08;OLppnxxYhG8;30.58960915;-20.63389
ZW080321;ZW0803;Masinire;ZW08;s2aXJCgTb0O;30.37121964;-20.40044
ZW080325;ZW0803;Chifedza;ZW08;L5BRfqu0wvC;30.55810928;-20.45081
ZW080326;ZW0803;Davira;ZW08;L2jJid5aanE;30.43564034;-20.47203
ZW080327;ZW0803;Madamombe;ZW08;dr94rzbEjNI;30.32361031;-20.05228
ZW080328;ZW0803;Shindi;ZW08;qIx8s9wFdbA;30.85036087;-20.87186
ZW080333;ZW0803;Utete;ZW08;WKajRM67kXh;30.20657921;-20.03928
ZW080391;ZW0803;Chivi;ZW08;k9LxvErzpF5;30.55755997;-20.35531
ZW080401;ZW0804;Mushaviri;ZW08;IbfTUlnnPd2;31.10091972;-19.72333
ZW080402;ZW0804;Majarada;ZW08;nMBIqdJIM7h;31.38452911;-19.83931
ZW080403;ZW0804;Matizha;ZW08;v038Gk7E3aC;30.96875;-19.47356
ZW080404;ZW0804;Mutema;ZW08;bvCr3KyoKpI;30.98797035;-19.88822
ZW080405;ZW0804;Nemashakwe;ZW08;rO0zd2ABjrh;31.68405914;-19.83439
ZW080406;ZW0804;Soti Source;ZW08;TGVBYUvxPe5;31.20718956;-19.45097
ZW080408;ZW0804;Chitando;ZW08;BDPOo7vb6SH;31.20241928;-19.90722
ZW080409;ZW0804;Zvavahera;ZW08;hmLr5OJqWd6;31.35560989;-19.57472
ZW08040A;ZW0804;Gutu;ZW08;CsrqsNpaRqk;31.15007973;-19.65761
ZW08040B;ZW0804;Chimombe;ZW08;QEvN9NNhcHY;31.60614014;-19.67189
ZW08040D;ZW0804;Chinyika;ZW08;fg20SUCO1na;31.48505974;-19.50567
ZW08040E;ZW0804;Gutu;ZW08;SmTWwxr4dsM;31.21805954;-19.65678
ZW080425;ZW0804;Cheshuro;ZW08;qmuwPOCEvKY;31.035245;-19.843855
ZW080426;ZW0804;Denhere;ZW08;NEZ2SRy5lc7;31.18907928;-19.28422
ZW080427;ZW0804;Devure;ZW08;ai2dhghqcnv;31.38666916;-19.66761
ZW080428;ZW0804;Magombedze;ZW08;N79CQMH43tT;31.35021973;-19.75803
ZW080429;ZW0804;Mazura;ZW08;rFtocyzKceW;31.64043999;-19.60406
ZW080430;ZW0804;Munyikwa;ZW08;Ba8txogG0jd;31.80521965;-19.72236
ZW080431;ZW0804;Nyazvidzi;ZW08;XxPMxOI9jqs;31.36735916;-19.40494
ZW080432;ZW0804;Zinhata;ZW08;EWpTNffyi57;31.58646965;-19.81789
ZW080433;ZW0804;Tirizi;ZW08;hyeZYVzPpLf;31.45027924;-19.75394
ZW080434;ZW0804;Chiwore;ZW08;JhOE2PlU286;30.83930969;-19.63397
ZW080435;ZW0804;Chitsa;ZW08;CK9XQFNrRzR;31.61733055;-19.50175
ZW080436;ZW0804;Chepiri;ZW08;bdCSEqaZjQ0;31.88508034;-19.80603
ZW080437;ZW0804;Dambara;ZW08;oJnY7eweQV8;31.28635979;-19.37464
ZW080438;ZW0804;Mataruse;ZW08;voupqZXYz1a;31.77186012;-19.61928
ZW080491;ZW0804;Serima;ZW08;vb0GjmvFmNM;30.88368988;-19.51861
ZW080492;ZW0804;Mutero;ZW08;S32hXpOtszS;31.43803024;-19.63433
ZW080493;ZW0804;Mukaro;ZW08;KJd1P67fZtb;31.15789032;-19.75686
ZW080501;ZW0805;Alvod;ZW08;i1XUWpnIRQx;30.77088928;-19.83389
ZW080502;ZW0805;Mukosi;ZW08;Fzq9mTt0mwd;30.88978004;-20.53867
ZW080503;ZW0805;Mushandike;ZW08;khsYWpCvLLQ;30.71863937;-20.20614
ZW080504;ZW0805;Musvovi;ZW08;VzoCjYnSVc2;31.07022095;-20.70494
ZW080505;ZW0805;Mutimurefu;ZW08;g62Dpo22HZV;31.037316;-20.104089
ZW080506;ZW0805;Nemwanwa;ZW08;qzKscgrRHcZ;30.92044067;-20.27436
ZW080507;ZW0805;Nyikavanhu;ZW08;Gx9mi4IpwDI;31.2206707;-20.85339
ZW080508;ZW0805;ZRP Masvingo;ZW08;KDF86JWL9kr;30.84577;-20.6535
ZW08050A;ZW0805;Masvingo;ZW08;McRpRMSMisr;30.83913994;-20.07272
ZW08050C;ZW0805;Nyajena;ZW08;FqtCDeFcuH7;31.16732979;-20.60147
ZW08050D;ZW0805;Mogenester;ZW08;THcy9of3EKy;30.93507957;-20.32372
ZW08050E;ZW0805;Gokomere;ZW08;YDV9XYWfyKl;30.77453041;-19.95453
ZW08050F;ZW0805;Gaths Mine;ZW08;AJ3uwrj63yO;30.51238;-20.0236
ZW080510;ZW0805;Masvingo Teachers College;ZW08;i1svOb8EvPf;30.86269;-20.10285
ZW080511;ZW0805;Masvingo Poly Technic;ZW08;BwhiLyWCv3K;30.83191;-20.08477
ZW080512;ZW0805;Summerton;ZW08;Pn253DhIGF5;30.70318985;-19.97103
ZW080525;ZW0805;Charumbira;ZW08;Q5S4ghrkIPr;30.85639;-20.29011
ZW080526;ZW0805;Chatikobo;ZW08;voCqrifiYBN;31.15414047;-20.43461
ZW080527;ZW0805;Gundura;ZW08;RBAiyJ9u8im;30.52416992;-19.87314
ZW080528;ZW0805;Mapanzure;ZW08;TY6QX9xvr5f;30.87352943;-20.40011
ZW080530;ZW0805;Bere;ZW08;WpORH5kQ8fl;30.47186089;-20.03367
ZW080531;ZW0805;Murinye;ZW08;Hz6oxH5mkwS;31.0537796;-20.37325
ZW080532;ZW0805;Rukovo;ZW08;Q573I7dDsyy;31.06792068;-20.26822
ZW080533;ZW0805;Shumba;ZW08;GmVXlJ4SYAZ;30.9691906;-20.42275
ZW080535;ZW0805;Mucheke;ZW08;bQEbyIDLBKt;30.81936073;-20.08344
ZW080536;ZW0805;Zano;ZW08;Yoy3Jj07Yif;31.12188911;-20.2025
ZW080540;ZW0805;Guwa;ZW08;CgHpXtKGPab;31.05475044;-20.62497
ZW080541;ZW0805;Gurajena;ZW08;lslcMx31f2m;30.90313911;-19.77056
ZW080544;ZW0805;Ngomahuru;ZW08;eA27CMD9GCW;30.72394;-20.43699
ZW080576;ZW0805;Renco;ZW08;hLt1vxPMtLl;31.17053032;-20.63819
ZW080582;ZW0805;Rujeko;ZW08;FklZnyAweeh;30.8374691;-20.08433
ZW080591;ZW0805;Bondolfi;ZW08;mJaQxbScx06;30.75056076;-20.28386
ZW080592;ZW0805;Shonganiso;ZW08;AD1DBy9TnBQ;31.0854702;-20.43675
ZW080593;ZW0805;Zimuto;ZW08;R9QcV5vI9ij;30.85519028;-19.95311
ZW080601;ZW0806;Chimbudzi;ZW08;Bvkjml3FqP8;30.50610924;-20.94306
ZW080602;ZW0806;Chirindi;ZW08;HNUnbxZ5OUy;30.18000031;-21.11611
ZW080603;ZW0806;Chizumba;ZW08;EKhuNsZc6Nl;30.57250023;-21.13972
ZW080604;ZW0806;Maranda;ZW08;sXRr6Jh1Ukn;30.31583023;-21.14583
ZW080605;ZW0806;Nehanda;ZW08;iZRMamLhmG5;30.60277939;-20.82833
ZW080606;ZW0806;Rutenga;ZW08;Z7U0RkB0VQt;30.72944069;-21.23778
ZW08060A;ZW0806;Neshuro;ZW08;aE9GkM17t5V;30.64666939;-20.94083
ZW08060B;ZW0806;Matibi;ZW08;Czle6XjxWyz;30.48611069;-20.75028
ZW080625;ZW0806;Mazetese;ZW08;QRc5MpV5Zts;30.30528069;-21.04639
ZW080627;ZW0806;Mushava;ZW08;fTtp6NjSMw4;30.58389091;-21.07639
ZW080628;ZW0806;Mwenezi;ZW08;qLzDP5tdFZe;30.70000076;-21.41417
ZW080629;ZW0806;Murove;ZW08;dF1v2SOuvg2;30.42444038;-21.05917
ZW080630;ZW0806;Mulelesi;ZW08;VplhWkXe21U;30.05916977;-21.21417
ZW080631;ZW0806;Boterere;ZW08;Du7biKhp1Ss;30.26423;-21.23095
ZW080632;ZW0806;Marinda;ZW08;d7fOaS2UsST;30.39756;-21.20691
ZW080681;ZW0806;Rutenga RWS;ZW08;NrFFCY3Je1b;30.74333;-21.25361
ZW080682;ZW0806;Mwenezana;ZW08;LTctrOQJUYV;30.625022;-21.3625022
ZW080692;ZW0806;Lundi;ZW08;mxsDtZixLZC;30.78166962;-20.8975
ZW080701;ZW0807;Chipinda;ZW08;CtwfEoZrU3T;31.34071922;-20.06892
ZW080702;ZW0807;Harava;ZW08;QKyJjASGoVM;31.27368927;-20.40028
ZW080703;ZW0807;Nemauku;ZW08;TJqJ2ltKRH3;31.367537;-20.281069
ZW080704;ZW0807;Svuvure;ZW08;goEe1IufApa;31.55732918;-20.556
ZW080705;ZW0807;Zibwowa;ZW08;jmqpBkcYVsh;31.55372047;-20.45111
ZW08070A;ZW0807;Ndanga;ZW08;NiAU2RdFd2O;31.32192039;-20.18517
ZW08070C;ZW0807;Musiso;ZW08;zF94vTZUOen;31.4399395;-20.43994
ZW080725;ZW0807;Bota;ZW08;JxITOVaPFT1;31.40731049;-20.62272
ZW080726;ZW0807;Bvukururu;ZW08;OpqO7PRXP1Q;31.4387207;-20.10544
ZW080727;ZW0807;Chinyabako;ZW08;Xv9Q2UReY0b;31.55583;-20.30689
ZW080729;ZW0807;Chiredzana;ZW08;YBrN4MulgEM;31.67089081;-20.56889
ZW080730;ZW0807;Fuve;ZW08;pHJSEeiAdBO;31.61763954;-20.35083
ZW080732;ZW0807;Jichidza;ZW08;aymM2tvX3J6;31.26786041;-20.30397
ZW080733;ZW0807;Mushaya;ZW08;m7fNYLjfiTM;31.28597069;-20.60228
ZW080734;ZW0807;Ndanga Clinic;ZW08;;0;0
ZW080735;ZW0807;Nhema;ZW08;ZQ5iU1uamLY;31.544249;-20.272823
ZW080736;ZW0807;Nyakunhuwa;ZW08;sFfKzYeVI4U;31.359695;-20.460264
ZW080737;ZW0807;Siyawareva;ZW08;wsvthNm37mG;31.4861908;-20.43864
ZW080738;ZW0807;Veza;ZW08;X6gxxPEVIzy;31.31711006;-20.38519
ZW080739;ZW0807;Jerera;ZW08;tyF4ojI2pf0;31.45138931;-20.42467
ZW080740;ZW0807;Mageza;ZW08;EnUWwQqs6vP;31.16789;-20.3274
ZW080791;ZW0807;Jichidza;ZW08;VJ0Qw6b1JSY;31.22244072;-20.26978
ZW090A01;ZW090A;Emakhandeni;ZW09;MdssoEu135X;28.5249;-20.1185
ZW090A02;ZW090A;Tshabalala;ZW09;lmWhvNsB4XS;28.5358;-20.1744
ZW090A03;ZW090A;E.F Watson;ZW09;g6ay6w7LekM;28.545;-20.1433
ZW090A04;ZW090A;Entumbane;ZW09;zmivGPwI9w9;28.5435;-20.1207
ZW090A05;ZW090A;Khami Road Clinic;ZW09;;0;0
ZW090A06;ZW090A;Luveve;ZW09;xgkg7SkAtoW;28.5118;-20.1137
ZW090A07;ZW090A;Magwegwe;ZW09;W71FXxLCgwr;28.5084;-20.1369
ZW090A08;ZW090A;Mzilikazi;ZW09;zxc4441YIhY;28.5696;-20.1395
ZW090A09;ZW090A;Njube;ZW09;yuqvs8nDoW7;28.5329;-20.1345
ZW090A0E;ZW090A;Thorngrove;ZW09;RcNBj1T8gKb;28.5559;-20.1472
ZW090A0G;ZW090A;Martar-Dei;ZW09;snVfYfw3wu2;28.5965;-20.1828
ZW090A10;ZW090A;Nkulumane;ZW09;YVhOfzBetf1;28.5202;-20.1889
ZW090A11;ZW090A;Pelandaba;ZW09;vzOHH2UeLTM;28.5277;-20.1466
ZW090A12;ZW090A;Princess Margaret;ZW09;CyzLGOqW4CZ;28.5898;-20.1559
ZW090A13;ZW090A;Pumula ;ZW09;xQrUWw2fUC7;28.4803;-20.1423
ZW090A14;ZW090A;Dr. Shennan ;ZW09;wBUDmbYlwLg;28.5674;-20.1898
ZW090A17;ZW090A;Nketa;ZW09;kQYOhNfF8V7;28.534;-20.2003
ZW090A18;ZW090A;Northern Surbabs ;ZW09;HyfZLnkED5k;28.5906;-20.1268
ZW090A23;ZW090A;Marondera;ZW09;DwAlIVIbmIU;28.5658;-20.1374
ZW090A27;ZW090A;Cowdray Park;ZW09;bCj2JfVpDwN;28.5087;-20.0798
ZW090A31;ZW090A;24-Hr Medical centre;ZW09;VWMkdfPIFPU;28.5277;-20.1959
ZW090A33;ZW090A;Maqhawe;ZW09;RPASqynqwCM;28.5009;-20.1825
ZW090A35;ZW090A;Pumula South;ZW09;Ta5WU3NkNI0;28.4789;-20.1622
ZW090A61;ZW090A;Khami Road Pharmacy;ZW03;;0;0
ZW090B0B;ZW090B;Ingutsheni;ZW09;FOLMj0wPdOM;28.5766;-20.1797
ZW090C0C;ZW090C;UBH;ZW09;f6TuF07vwQr;28.6168;-20.1664
ZW090D0D;ZW090D;Mpilo;ZW09;wsiS4rgfTm1;28.5708;-20.1274
